,colony,site_name,site_id,year,site_number,N_mean,N_se,N_q025,N_q05,N_median,N_q95,N_q975,SAM_mean,SAM_sd,SAM_lag1,SAM_lag2,SAM_lag3,SAM_lag4,SAM_lag5,ENSO_mean,ENSO_sd,SOI_lag1,SOI_lag2,SOI_lag3,SOI_lag4,SOI_lag5,Breakout_date2,Freeze_date2,ice_days,ice_dayslag_1,ice_dayslag_2,ice_dayslag_3,ice_dayslag_4,ice_dayslag_5,Breakout_beforeDec15,breakout_lag_1,breakout_lag_2,breakout_lag_3,breakout_lag_4,breakout_lag_5,SICa_AMJ,SICa_AMJsd,SICa_JAS,SICa_JASsd,SICa_JFM,SICa_JFMsd,SICa_OND,SICa_ONDsd,SICa_AMJlag_1,SICa_AMJlag_2,SICa_AMJlag_3,SICa_AMJlag_4,SICa_AMJlag_5,SICa_JASlag_1,SICa_JASlag_2,SICa_JASlag_3,SICa_JASlag_4,SICa_JASlag_5,SICa_JFMlag_1,SICa_JFMlag_2,SICa_JFMlag_3,SICa_JFMlag_4,SICa_JFMlag_5,SICa_ONDlag_1,SICa_ONDlag_2,SICa_ONDlag_3,SICa_ONDlag_4,SICa_ONDlag_5,ERS_JFM_SICa,ERS_JFM_SICa_sd,ERS_SICa_JFMlag_1,ERS_SICa_JFMlag_2,ERS_SICa_JFMlag_3,ERS_SICa_JFMlag_4,ERS_SICa_JFMlag_5,year_X,lon_AMJ,lat_AMJ,RCP_AMJ,lon_JAS,lat_JAS,RCP_JAS,lon_JFM,lat_JFM,RCP_JFM,lon_OND,lat_OND,RCP_OND,growth_rate,dist_BEAU,dist_COLB,dist_COUL,dist_CROZ,dist_FRAN,dist_ROGE,dist_WASH,roc_100,roc_220,roc_480,roc_1100
1,Beaufort Island,Beaufort,BEAU,2000,1,1402.357064,327.8693811,869.2166792,933.9146126,1365.956102,1989.065481,2140.51232,-0.120416667,0.967167984,0.631833333,0.778583333,-0.060583333,-0.193583333,0.1745,0.883333333,0.466964191,0.808333333,0.025,-0.775,0.625,0,1/10/2000,31/03/2000,184,NA,NA,NA,NA,NA,1,NA,NA,NA,NA,NA,1.002564642,0.052823891,0.985045342,0.023685374,0.806068601,0.227078238,1.087194651,0.084995968,1.025733011,0.999262617,1.015253501,0.998881954,1.034492151,0.995428482,0.992223462,1.004927471,0.972060044,0.984837201,0.629407715,0.992860074,0.809081205,0.569243768,0.972716556,0.944399214,0.987756977,0.814949857,0.914269906,0.867540285,1.225973904,0.07803204,1.512614439,1.977582604,0.763742281,1.183330772,1.390329479,2000,229.0833333,-68.91666667,-6.334676067,209.25,-73.08333333,-9.915934333,227.5,-68.25,-7.577433167,228.25,-68.5,-7.965047167,NA,NA,855,402,79,91,556,257,NA,NA,NA,NA
2,Beaufort Island,Beaufort,BEAU,2001,1,1495.8978,292.3181845,1008.019983,1069.312437,1468.079204,2015.171308,2149.89044,0.353166667,0.78628142,-0.120416667,0.631833333,0.778583333,-0.060583333,-0.193583333,0.291666667,0.487268464,0.883333333,0.808333333,0.025,-0.775,0.625,14/12/2001,2/04/2001,256,184,NA,NA,NA,NA,1,1,NA,NA,NA,NA,0.970248804,0.044358364,0.98610191,0.04492739,2.100725159,1.040425224,0.908220697,0.038771228,1.002564642,1.025733011,0.999262617,1.015253501,0.998881954,0.985045342,0.995428482,0.992223462,1.004927471,0.972060044,0.806068601,0.629407715,0.992860074,0.809081205,0.569243768,1.087194651,0.944399214,0.987756977,0.814949857,0.914269906,1.654221659,0.244543785,1.225973904,1.512614439,1.977582604,0.763742281,1.183330772,2001,220.1666667,-71.58333333,-7.894409,238.0833333,-70,-14.47422267,274.1666667,-63.83333333,-5.537760433,271.8333333,-69.5,-9.586120667,0.06670251,NA,855,402,79,91,556,257,NA,NA,NA,NA
3,Beaufort Island,Beaufort,BEAU,2002,1,1470.57676,267.5533655,1020.052863,1079.291306,1445.17519,1948.419818,2063.883557,-0.60175,1.311886182,0.353166667,-0.120416667,0.631833333,0.778583333,-0.060583333,-0.35,0.390512484,0.291666667,0.883333333,0.808333333,0.025,-0.775,11/01/2003,28/03/2002,289,256,184,NA,NA,NA,0,1,1,NA,NA,NA,0.979895198,0.057403586,1.014987978,0.004094481,1.24943962,0.353617994,1.342146544,0.353023366,0.970248804,1.002564642,1.025733011,0.999262617,1.015253501,0.98610191,0.985045342,0.995428482,0.992223462,1.004927471,2.100725159,0.806068601,0.629407715,0.992860074,0.809081205,0.908220697,1.087194651,0.944399214,0.987756977,0.814949857,1.155295755,0.072909674,1.654221659,1.225973904,1.512614439,1.977582604,0.763742281,2002,192.75,-66.83333333,-11.60162333,222.8333333,-71.58333333,-8.989217,220.8333333,-68,-8.344177333,252.75,-68.08333333,-4.6062622,-0.016926985,NA,855,402,79,91,556,257,0.068549686,0.068549686,0.068549686,0.068549686
4,Beaufort Island,Beaufort,BEAU,2003,1,1292.74068,234.9234485,890.2948433,945.7427989,1274.322517,1706.982348,1814.380152,-0.223083333,0.625247212,-0.60175,0.353166667,-0.120416667,0.631833333,0.778583333,-0.183333333,0.247767812,-0.35,0.291666667,0.883333333,0.808333333,0.025,5/12/2003,25/03/2003,255,289,256,184,NA,NA,1,0,1,1,NA,NA,1.006468578,0.078526216,0.992688268,0.051231978,2.781726725,1.747279103,1.004603668,0.023672025,0.979895198,0.970248804,1.002564642,1.025733011,0.999262617,1.014987978,0.98610191,0.985045342,0.995428482,0.992223462,1.24943962,2.100725159,0.806068601,0.629407715,0.992860074,1.342146544,0.908220697,1.087194651,0.944399214,0.987756977,1.374468399,0.147785233,1.155295755,1.654221659,1.225973904,1.512614439,1.977582604,2003,204.9166667,-69.25,-9.6838784,239.25,-70.83333333,-8.449666433,239.5833333,-65.5,-6.5290732,214.3333333,-70.75,-6.9757486,-0.120929478,NA,855,402,79,91,556,257,-0.093871641,-0.093871642,-0.093871641,-0.093871642
5,Beaufort Island,Beaufort,BEAU,2004,1,1267.126543,223.5526275,881.8955492,935.7505261,1247.36777,1660.800392,1751.969355,0.188583333,0.748328633,-0.223083333,-0.60175,0.353166667,-0.120416667,0.631833333,-0.158333333,0.281242284,-0.183333333,-0.35,0.291666667,0.883333333,0.808333333,4/02/2005,7/04/2004,303,255,289,256,184,NA,0,1,0,1,1,NA,1.01780482,0.040985612,1.023400781,0.021820805,2.079821068,0.941014957,0.890083809,0.073520717,1.006468578,0.979895198,0.970248804,1.002564642,1.025733011,0.992688268,1.014987978,0.98610191,0.985045342,0.995428482,2.781726725,1.24943962,2.100725159,0.806068601,0.629407715,1.004603668,1.342146544,0.908220697,1.087194651,0.944399214,1.575157059,0.262081773,1.374468399,1.155295755,1.654221659,1.225973904,1.512614439,2004,224,-72.83333333,-8.569987,248.9166667,-73.41666667,-10.72039767,260.8333333,-64.25,-6.524943067,231.0833333,-69.83333333,-7.463012767,-0.019813825,NA,855,402,79,91,556,257,0.044797161,0.044797161,0.044797161,0.044797161
6,Beaufort Island,Beaufort,BEAU,2005,1,1367.18265,210.0721151,1007.308135,1056.205212,1349.667028,1734.524064,1825.41517,-0.197416667,0.802264863,0.188583333,-0.223083333,-0.60175,0.353166667,-0.120416667,-0.166666667,0.576387216,-0.158333333,-0.183333333,-0.35,0.291666667,0.883333333,24/01/2006,30/03/2005,300,303,255,289,256,184,0,0,1,0,1,1,1.046657252,0.042249824,1.02076465,0.012892861,2.00786674,1.087609186,0.97826475,0.033302753,1.01780482,1.006468578,0.979895198,0.970248804,1.002564642,1.023400781,0.992688268,1.014987978,0.98610191,0.985045342,2.079821068,2.781726725,1.24943962,2.100725159,0.806068601,0.890083809,1.004603668,1.342146544,0.908220697,1.087194651,0.717126634,0.15833497,1.575157059,1.374468399,1.155295755,1.654221659,1.225973904,2005,191.25,-70.58333333,-7.984069667,214.8333333,-72.75,-12.70544433,242.1666667,-68.41666667,-6.656351767,222.8333333,-69.83333333,-9.197407867,0.078962995,NA,855,402,79,91,556,257,0.06013133,0.06013133,0.034482513,0.025997751
7,Beaufort Island,Beaufort,BEAU,2006,1,1398.045811,211.9851753,1039.382568,1086.531535,1379.071155,1774.429284,1867.980854,0.257166667,0.808554454,-0.197416667,0.188583333,-0.223083333,-0.60175,0.353166667,-0.033333333,0.715697018,-0.166666667,-0.158333333,-0.183333333,-0.35,0.291666667,29/12/2006,3/04/2006,270,300,303,255,289,256,0,0,0,1,0,1,1.058552505,0.045925385,0.995436804,0.069202154,1.426239675,0.526889763,0.984180449,0.03655361,1.046657252,1.01780482,1.006468578,0.979895198,0.970248804,1.02076465,1.023400781,0.992688268,1.014987978,0.98610191,2.00786674,2.079821068,2.781726725,1.24943962,2.100725159,0.97826475,0.890083809,1.004603668,1.342146544,0.908220697,1.028605531,0.136364318,0.717126634,1.575157059,1.374468399,1.155295755,1.654221659,2006,239.3333333,-70.5,-10.987732,209.4166667,-69.91666667,-10.09409567,232.3333333,-66.25,-7.4467162,225.3333333,-68.16666667,-7.457804533,0.022574278,NA,855,402,79,91,556,257,0.122905076,0.122905076,0.047669962,0.013276514
8,Beaufort Island,Beaufort,BEAU,2007,1,1287.222339,220.1537695,911.6899897,962.7067868,1268.848686,1675.501319,1769.501676,-0.468333333,1.016480557,0.257166667,-0.197416667,0.188583333,-0.223083333,-0.60175,0.283333333,0.52254718,-0.033333333,-0.166666667,-0.158333333,-0.183333333,-0.35,19/12/2007,6/04/2007,257,270,300,303,255,289,0,0,0,0,1,0,0.948927418,0.050164322,0.928784675,0.005214287,0.610505848,0.36390163,1.093957072,0.067450734,1.058552505,1.046657252,1.01780482,1.006468578,0.979895198,0.995436804,1.02076465,1.023400781,0.992688268,1.014987978,1.426239675,2.00786674,2.079821068,2.781726725,1.24943962,0.984180449,0.97826475,0.890083809,1.004603668,1.342146544,0.898022993,0.118147828,1.028605531,0.717126634,1.575157059,1.374468399,1.155295755,2007,212.9166667,-72,-9.797038,213.5833333,-70.16666667,-7.854533067,221,-69.33333333,-5.7262574,237.6666667,-71.83333333,-5.4139201,-0.079270272,NA,855,402,79,91,556,257,0.050818636,0.050818636,0.001588007,0.003405235
9,Beaufort Island,Beaufort,BEAU,2008,1,1300.573877,226.7384848,913.3376344,964.0132024,1282.635222,1704.338452,1805.844291,0.67075,0.725668327,-0.468333333,0.257166667,-0.197416667,0.188583333,-0.223083333,1.116666667,0.536708073,0.283333333,-0.033333333,-0.166666667,-0.158333333,-0.183333333,16/10/2008,11/03/2008,219,257,270,300,303,255,1,0,0,0,0,1,0.97131345,0.020152481,1.023728092,0.042475287,1.304359858,0.141873443,1.103978268,0.055884835,0.948927418,1.058552505,1.046657252,1.01780482,1.006468578,0.928784675,0.995436804,1.02076465,1.023400781,0.992688268,0.610505848,1.426239675,2.00786674,2.079821068,2.781726725,1.093957072,0.984180449,0.97826475,0.890083809,1.004603668,1.051735701,0.118454319,0.898022993,1.028605531,0.717126634,1.575157059,1.374468399,2008,228.9166667,-71.08333333,-6.748860533,244.5,-72.33333333,-12.95788567,233.8333333,-68.91666667,-6.486592667,265.3333333,-69.58333333,-7.512064533,0.010372363,NA,855,402,79,91,556,257,0.034778326,0.034778326,0.017536372,0.032407542
10,Beaufort Island,Beaufort,BEAU,2009,1,1346.631534,240.2293564,949.2901507,1001.420163,1320.581,1779.779746,1889.898109,-0.1925,0.80892032,0.67075,-0.468333333,0.257166667,-0.197416667,0.188583333,0.166666667,0.712195354,1.116666667,0.283333333,-0.033333333,-0.166666667,-0.158333333,29/10/2009,4/04/2009,208,219,257,270,300,303,1,1,0,0,0,0,1.010844299,0.034936659,1.005009054,0.021025897,1.611042494,0.308837639,0.916527564,0.073970115,0.97131345,0.948927418,1.058552505,1.046657252,1.01780482,1.023728092,0.928784675,0.995436804,1.02076465,1.023400781,1.304359858,0.610505848,1.426239675,2.00786674,2.079821068,1.103978268,1.093957072,0.984180449,0.97826475,0.890083809,0.903371692,0.106438547,1.051735701,0.898022993,1.028605531,0.717126634,1.575157059,2009,255.3333333,-66.33333333,-7.596008433,227.6666667,-68.66666667,-7.480122867,256.4166667,-66.83333333,-7.070211,249.9166667,-69.91666667,-8.5232341,0.035413334,NA,855,402,79,91,556,257,0.153457991,0.153457991,0.069017015,0.0711146
11,Beaufort Island,Beaufort,BEAU,2010,1,1361.438158,220.2219211,991.6630038,1041.617247,1338.845569,1761.47038,1857.602771,0.786416667,0.986471866,-0.1925,0.67075,-0.468333333,0.257166667,-0.197416667,0.9,1.12989675,0.166666667,1.116666667,0.283333333,-0.033333333,-0.166666667,16/09/2010,11/03/2010,189,208,219,257,270,300,1,1,1,0,0,0,0.987287525,0.015507705,1.018493095,0.030269454,0.64256886,0.456541111,0.861863166,0.163657056,1.010844299,0.97131345,0.948927418,1.058552505,1.046657252,1.005009054,1.023728092,0.928784675,0.995436804,1.02076465,1.611042494,1.304359858,0.610505848,1.426239675,2.00786674,0.916527564,1.103978268,1.093957072,0.984180449,0.97826475,0.879861115,0.269952316,0.903371692,1.051735701,0.898022993,1.028605531,0.717126634,2010,244.25,-69.25,-9.017639133,233.0833333,-72.5,-11.072754,235.6666667,-65.41666667,-7.388753167,262.5833333,-67.83333333,-10.5194295,0.010995305,NA,855,402,79,91,556,257,0.195553314,0.195553315,0.093766617,0.084160844
12,Beaufort Island,Beaufort,BEAU,2011,1,1098.947687,193.9401546,765.7766607,809.5432117,1083.84823,1436.734337,1522.739221,-0.054666667,1.158141063,0.786416667,-0.1925,0.67075,-0.468333333,0.257166667,1.375,0.748470663,0.9,0.166666667,1.116666667,0.283333333,-0.033333333,14/09/2011,10/04/2011,157,189,208,219,257,270,1,1,1,1,0,0,1.020023983,0.006594464,1.017616143,0.012701877,0.522237212,0.417255599,1.116565348,0.126492742,0.987287525,1.010844299,0.97131345,0.948927418,1.058552505,1.018493095,1.005009054,1.023728092,0.928784675,0.995436804,0.64256886,1.611042494,1.304359858,0.610505848,1.426239675,0.861863166,0.916527564,1.103978268,1.093957072,0.984180449,0.256484147,0.073054344,0.879861115,0.903371692,1.051735701,0.898022993,1.028605531,2011,250.75,-68.16666667,-5.972208733,205.5833333,-68.41666667,-9.646097667,250.5833333,-63.5,-5.743937167,232.75,-67.16666667,-7.549865567,-0.192803815,NA,855,402,79,91,556,257,0.008795397,0.008795397,0.00367691,0.023325353
13,Beaufort Island,Beaufort,BEAU,2012,1,1069.449281,192.8358136,741.6238598,786.9111081,1052.792881,1410.946062,1499.840607,0.133166667,0.854832131,-0.054666667,0.786416667,-0.1925,0.67075,-0.468333333,0.2,0.44907312,1.375,0.9,0.166666667,1.116666667,0.283333333,15/09/2012,2/04/2012,166,157,189,208,219,257,1,1,1,1,1,0,0.974649483,0.044724718,1.025525198,0.030193542,1.326792451,0.365145282,1.011099863,0.097845687,1.020023983,0.987287525,1.010844299,0.97131345,0.948927418,1.017616143,1.018493095,1.005009054,1.023728092,0.928784675,0.522237212,0.64256886,1.611042494,1.304359858,0.610505848,1.116565348,0.861863166,0.916527564,1.103978268,1.093957072,0.697991983,0.093119611,0.256484147,0.879861115,0.903371692,1.051735701,0.898022993,2012,243.4166667,-69.41666667,-10.04831967,231.9166667,-69.33333333,-10.23168933,239.4166667,-70.41666667,-6.6299845,204.1666667,-69.91666667,-6.677490333,-0.026842411,NA,855,402,79,91,556,257,0.04381356,0.04381356,0.062478445,0.042092057
14,Beaufort Island,Beaufort,BEAU,2013,1,1153.52884,210.9615532,810.4078171,855.2376225,1130.318477,1535.119652,1633.345936,0.031666667,0.880367663,0.133166667,-0.054666667,0.786416667,-0.1925,0.67075,0.45,0.327871926,0.2,1.375,0.9,0.166666667,1.116666667,26/11/2013,26/03/2013,245,166,157,189,208,219,1,1,1,1,1,1,1.031803612,0.057999704,0.99925478,0.048429969,1.014509432,0.229704084,0.920243772,0.153210297,0.974649483,1.020023983,0.987287525,1.010844299,0.97131345,1.025525198,1.017616143,1.018493095,1.005009054,1.023728092,1.326792451,0.522237212,0.64256886,1.611042494,1.304359858,1.011099863,1.116565348,0.861863166,0.916527564,1.103978268,0.996274554,0.144129941,0.697991983,0.256484147,0.879861115,0.903371692,1.051735701,2013,250.8333333,-67.25,-10.45792667,237.0833333,-71.58333333,-8.022603133,236.0833333,-67.58333333,-6.163492833,230,-72.5,-5.946105933,0.078619492,NA,855,402,79,91,556,257,-0.049299848,-0.049299848,0.006552836,0.00590652
15,Beaufort Island,Beaufort,BEAU,2014,1,1160.269825,222.8726208,809.2892763,849.750828,1132.672699,1565.003132,1677.586816,0.079083333,0.666503996,0.031666667,0.133166667,-0.054666667,0.786416667,-0.1925,-0.175,0.467484403,0.45,0.2,1.375,0.9,0.166666667,13/01/2015,3/04/2014,285,245,166,157,189,208,0,1,1,1,1,1,1.027551141,0.027123932,0.992155235,0.083437459,0.467686716,0.453260909,1.090822753,0.094582534,1.031803612,0.974649483,1.020023983,0.987287525,1.010844299,0.99925478,1.025525198,1.017616143,1.018493095,1.005009054,1.014509432,1.326792451,0.522237212,0.64256886,1.611042494,0.920243772,1.011099863,1.116565348,0.861863166,0.916527564,0.892611417,0.114125737,0.996274554,0.697991983,0.256484147,0.879861115,0.903371692,2014,242.8333333,-70.66666667,-8.439758333,212.3333333,-72.66666667,-11.607849,224.5,-72.5,-6.1402588,230.6666667,-69.75,-7.7219035,0.005843794,NA,855,402,79,91,556,257,-0.073047574,-0.073047574,-0.024429898,-0.013009322
16,Beaufort Island,Beaufort,BEAU,2015,1,1065.609077,228.3383717,703.7750709,748.720245,1037.914653,1480.477441,1595.572172,0.714083333,0.492051735,0.079083333,0.031666667,0.133166667,-0.054666667,0.786416667,-0.833333333,0.438431548,-0.175,0.45,0.2,1.375,0.9,1/11/2015,7/04/2015,208,285,245,166,157,189,1,0,1,1,1,1,1.02511055,0.038303941,1.016056771,0.007603534,0.832018672,0.439350258,0.944327825,0.066203017,1.027551141,1.031803612,0.974649483,1.020023983,0.987287525,0.992155235,0.99925478,1.025525198,1.017616143,1.018493095,0.467686716,1.014509432,1.326792451,0.522237212,0.64256886,1.090822753,0.920243772,1.011099863,1.116565348,0.861863166,0.70740588,0.127654638,0.892611417,0.996274554,0.697991983,0.256484147,0.879861115,2015,211,-72.75,-7.4763182,227.9166667,-74.5,-10.87288417,247.4166667,-70.66666667,-6.5680135,224,-70.25,-8.371236167,-0.081585116,NA,855,402,79,91,556,257,-0.00456552,-0.00456552,-0.051607027,-0.037334098
17,Beaufort Island,Beaufort,BEAU,2016,1,1041.53937,200.1576749,725.2387251,764.0442179,1016.618894,1407.898232,1503.002152,0.566833333,1.257792632,0.714083333,0.079083333,0.031666667,0.133166667,-0.054666667,-0.141666667,0.774013709,-0.833333333,-0.175,0.45,0.2,1.375,25/12/2016,11/03/2016,289,208,285,245,166,157,0,1,0,1,1,1,1.053693217,0.025653581,1.036203236,0.031873031,0.480686212,0.383297145,1.043292143,0.040598941,1.02511055,1.027551141,1.031803612,0.974649483,1.020023983,1.016056771,0.992155235,0.99925478,1.025525198,1.017616143,0.832018672,0.467686716,1.014509432,1.326792451,0.522237212,0.944327825,1.090822753,0.920243772,1.011099863,1.116565348,0.639177897,0.257059806,0.70740588,0.892611417,0.996274554,0.697991983,0.256484147,2016,220,-70.41666667,-9.860087,223.5,-72.5,-9.331746433,220.9166667,-70.41666667,-8.303690667,224.3333333,-72.66666667,-7.3230795,-0.022587746,NA,855,402,79,91,556,257,0.034883888,0.034883888,-0.017330867,-0.014584116
18,Beaufort Island,Beaufort,BEAU,2017,1,814.3522651,203.3388777,496.7711111,554.3120314,802.7206793,1148.157158,1233.361414,0.446,0.650038204,0.566833333,0.714083333,0.079083333,0.031666667,0.133166667,0.383333333,0.260874597,-0.141666667,-0.833333333,-0.175,0.45,0.2,27/09/2017,7/04/2017,173,289,208,285,245,166,1,0,1,0,1,1,0.962602168,0.039013032,1.022681219,0.040013243,1.283531484,0.544839562,1.148288384,0.110186995,1.053693217,1.02511055,1.027551141,1.031803612,0.974649483,1.036203236,1.016056771,0.992155235,0.99925478,1.025525198,0.480686212,0.832018672,0.467686716,1.014509432,1.326792451,1.043292143,0.944327825,1.090822753,0.920243772,1.011099863,0.163005138,0.237814154,0.639177897,0.70740588,0.892611417,0.996274554,0.697991983,2017,223.1666667,-70.33333333,-9.597391667,229.3333333,-73.66666667,-11.2891235,217.25,-64.33333333,-8.367289,236,-70.58333333,-8.318725667,-0.218126277,NA,855,402,79,91,556,257,0.069937252,0.069937253,0.022963677,0.023887416
19,Beaufort Island,Beaufort,BEAU,2018,1,649.8651783,138.900993,424.1486396,452.3275276,634.2654403,900.1200414,972.1581435,0.42875,0.730429112,0.446,0.566833333,0.714083333,0.079083333,0.031666667,0.208333333,0.354632047,0.383333333,-0.141666667,-0.833333333,-0.175,0.45,27/09/2018,2/04/2018,178,173,289,208,285,245,1,1,0,1,0,1,0.970707541,0.035330281,0.996191726,0.011302742,1.696242388,0.5734962,0.967330872,0.074125505,0.962602168,1.053693217,1.02511055,1.027551141,1.031803612,1.022681219,1.036203236,1.016056771,0.992155235,0.99925478,1.283531484,0.480686212,0.832018672,0.467686716,1.014509432,1.148288384,1.043292143,0.944327825,1.090822753,0.920243772,0.260521203,0.157182787,0.163005138,0.639177897,0.70740588,0.892611417,0.996274554,2018,224.75,-68.66666667,-9.419861,232.4166667,-72.75,-8.543803,264.0833333,-67.08333333,-8.268859867,253.3333333,-68.91666667,-9.017110167,-0.201985177,NA,855,402,79,91,556,257,0.117967149,0.117967149,0.070432219,0.069125485
20,Beaufort Island,Beaufort,BEAU,2019,1,563.4522285,139.2444281,350.2936262,374.5135079,542.3315834,823.4153487,891.7961707,-0.1645,0.959004301,0.42875,0.446,0.566833333,0.714083333,0.079083333,-0.45,0.193649167,0.208333333,0.383333333,-0.141666667,-0.833333333,-0.175,11/10/2019,18/03/2019,207,178,173,289,208,285,1,1,1,0,1,0,0.965099215,0.040148897,0.951840708,0.026561021,0.485313454,0.305212027,0.857066446,0.092181343,0.970707541,0.962602168,1.053693217,1.02511055,1.027551141,0.996191726,1.022681219,1.036203236,1.016056771,0.992155235,1.696242388,1.283531484,0.480686212,0.832018672,0.467686716,0.967330872,1.148288384,1.043292143,0.944327825,1.090822753,0.537867819,0.042914649,0.260521203,0.163005138,0.639177897,0.70740588,0.892611417,2019,212.3333333,-71.16666667,-11.1125285,209.5833333,-72.33333333,-12.02191167,207.3333333,-68.66666667,-5.275268567,251.6666667,-68.75,-6.814595667,-0.13297058,NA,855,402,79,91,556,257,-0.024598532,-0.024598533,-0.048171328,-0.01108013
21,Beaufort Island,Beaufort,BEAU,2020,1,469.3405844,150.9506034,252.0801923,274.766726,443.327936,750.0327929,832.8877192,0.427416667,0.762780818,-0.1645,0.42875,0.446,0.566833333,0.714083333,0.45,0.487339717,-0.45,0.208333333,0.383333333,-0.141666667,-0.833333333,24/10/2020,19/03/2020,219,207,178,173,289,208,1,1,1,1,0,1,1.000445049,0.024645826,0.980472783,0.03658122,0.392175772,0.353584941,0.885182593,0.123459867,0.965099215,0.970707541,0.962602168,1.053693217,1.02511055,0.951840708,0.996191726,1.022681219,1.036203236,1.016056771,0.485313454,1.696242388,1.283531484,0.480686212,0.832018672,0.857066446,0.967330872,1.148288384,1.043292143,0.944327825,0.43767777,0.23825314,0.537867819,0.260521203,0.163005138,0.639177897,0.70740588,2020,212.1666667,-74.25,-9.6526488,199,-69.75,-10.28902167,256.8333333,-68.83333333,-7.724507467,236.75,-71.5,-9.598205667,-0.167026838,NA,855,402,79,91,556,257,0.04300383,0.04300383,-0.010481574,-0.003309859
22,Beaufort Island,Beaufort,BEAU,2021,1,403.3346996,168.7363978,168.3184717,197.9140909,376.0041797,713.1224008,806.6502728,0.781083333,0.730269865,0.427416667,-0.1645,0.42875,0.446,0.566833333,0.883333333,0.348409083,0.45,-0.45,0.208333333,0.383333333,-0.141666667,18/12/2021,23/03/2021,270,219,207,178,173,289,0,1,1,1,1,0,1.035636406,0.00864166,0.997392344,0.055265562,0.265877565,0.35219695,0.824182465,0.103212186,1.000445049,0.965099215,0.970707541,0.962602168,1.053693217,0.980472783,0.951840708,0.996191726,1.022681219,1.036203236,0.392175772,0.485313454,1.696242388,1.283531484,0.480686212,0.885182593,0.857066446,0.967330872,1.148288384,1.043292143,0.703621309,0.584315242,0.43767777,0.537867819,0.260521203,0.163005138,0.639177897,2021,199.5,-70.58333333,-7.367818333,248.1666667,-69.91666667,-9.370544667,253.5,-70.41666667,-10.208822,253.4166667,-70.25,-10.31890867,-0.140635366,NA,855,402,79,91,556,257,-0.12566785,-0.125667851,-0.109184605,-0.078149259
23,Beaufort Island,Beaufort,BEAU,2022,1,357.0070484,169.6649223,143.4536431,160.7657713,318.1775973,680.0305111,783.6358725,0.681083333,0.690122267,0.781083333,0.427416667,-0.1645,0.42875,0.446,1.308333333,0.189113429,0.883333333,0.45,-0.45,0.208333333,0.383333333,31/12/2022,25/03/2022,281,270,219,207,178,173,0,0,1,1,1,1,0.97784957,0.02315684,0.989145358,0.027418131,0.414893892,0.271386372,1.265363315,0.328704017,1.035636406,1.000445049,0.965099215,0.970707541,0.962602168,0.997392344,0.980472783,0.951840708,0.996191726,1.022681219,0.265877565,0.392175772,0.485313454,1.696242388,1.283531484,0.824182465,0.885182593,0.857066446,0.967330872,1.148288384,0.16627639,0.138342008,0.703621309,0.43767777,0.537867819,0.260521203,0.163005138,2022,233.0833333,-70.33333333,-8.8834635,220.75,-72,-11.44244367,230.4166667,-70.66666667,-8.930318167,257.25,-70,-9.564412333,-0.114861556,NA,855,402,79,91,556,257,-0.052991857,-0.052991857,-0.076450702,-0.100358483
24,Beaufort Island,Beaufort,BEAU,2023,1,330.1822042,179.6925763,111.1763092,127.2150127,288.3988346,673.4258138,779.4416703,0.244083333,1.019156797,0.681083333,0.781083333,0.427416667,-0.1645,0.42875,-0.091666667,0.743256723,1.308333333,0.883333333,0.45,-0.45,0.208333333,9/11/2023,11/04/2023,212,281,270,219,207,178,1,0,0,1,1,1,1.021762567,0.042096419,1.021174684,0.097759082,2.048729416,0.800086493,0.956534128,0.043931493,0.97784957,1.035636406,1.000445049,0.965099215,0.970707541,0.989145358,0.997392344,0.980472783,0.951840708,0.996191726,0.414893892,0.265877565,0.392175772,0.485313454,1.696242388,1.265363315,0.824182465,0.885182593,0.857066446,0.967330872,0.248603885,0.143956843,0.16627639,0.703621309,0.43767777,0.537867819,0.260521203,2023,257.75,-68.33333333,-8.068359333,216.8333333,-70.91666667,-13.14676917,273.75,-68.33333333,-10.58652767,232.5833333,-70.25,-7.989013667,-0.075138136,NA,855,402,79,91,556,257,0.00870306,0.00870306,-0.029560586,-0.035976392
25,Beaufort Island,Beaufort,BEAU,2024,1,304.4418351,178.4535595,88.42584927,106.4588562,262.5400312,643.4650783,754.2489404,0.00225,0.914392706,0.244083333,0.681083333,0.781083333,0.427416667,-0.1645,0.108333333,0.340240928,-0.091666667,1.308333333,0.883333333,0.45,-0.45,12/10/2024,7/03/2024,219,212,281,270,219,207,1,1,0,0,1,1,1.02321702,0.028124735,1.001789901,0.038707994,0.602916319,0.495638123,0.934368606,0.098547538,1.021762567,0.97784957,1.035636406,1.000445049,0.965099215,1.021174684,0.989145358,0.997392344,0.980472783,0.951840708,2.048729416,0.414893892,0.265877565,0.392175772,0.485313454,0.956534128,1.265363315,0.824182465,0.885182593,0.857066446,0.297513406,0.166700425,0.248603885,0.16627639,0.703621309,0.43767777,0.537867819,2024,195.75,-72.25,-13.1242675,NA,NA,NA,217,-72,-7.672546333,NA,NA,NA,-0.077958075,NA,855,402,79,91,556,257,0.036572908,0.036572909,0.026004891,0.009758056
26,Cape Colbeck,Colbeck,CBEK,2005,2,15464.75883,4390.830249,9281.622305,9947.663904,14694.81381,23499.18613,26093.99117,-0.197416667,0.802264863,0.188583333,-0.223083333,-0.60175,0.353166667,-0.120416667,-0.166666667,0.576387216,-0.158333333,-0.183333333,-0.35,0.291666667,0.883333333,NA,NA,365,NA,NA,NA,NA,NA,0,NA,NA,NA,NA,NA,1.013991196,0.038186374,0.983812159,0.021374972,0.877143207,0.379194518,0.737548233,0.176028281,1.01972534,1.017250369,0.945768873,0.995665221,1.043038437,1.000148276,1.032682718,1.0065815,1.030250152,1.012878275,1.454884326,1.800701982,0.64330296,0.628748361,0.629421735,0.775218594,1.292468663,1.378980716,1.053084617,1.19258901,0.717126634,0.15833497,1.575157059,1.374468399,1.155295755,1.654221659,1.225973904,2005,191.25,-70.58333333,-7.984069667,214.8333333,-72.75,-12.70544433,242.1666667,-68.41666667,-6.656351767,222.8333333,-69.83333333,-9.197407867,NA,855,NA,989,785,851,1070,1007,NA,NA,NA,0.0365908
27,Cape Colbeck,Colbeck,CBEK,2006,2,14998.96818,4130.107311,8804.630404,9502.776029,14398.94892,22560.96563,24852.17202,0.257166667,0.808554454,-0.197416667,0.188583333,-0.223083333,-0.60175,0.353166667,-0.033333333,0.715697018,-0.166666667,-0.158333333,-0.183333333,-0.35,0.291666667,NA,NA,365,365,NA,NA,NA,NA,0,0,NA,NA,NA,NA,1.010219945,0.02486279,0.991733091,0.009144401,1.040716214,0.123756737,0.984967518,0.076353429,1.013991196,1.01972534,1.017250369,0.945768873,0.995665221,0.983812159,1.000148276,1.032682718,1.0065815,1.030250152,0.877143207,1.454884326,1.800701982,0.64330296,0.628748361,0.737548233,0.775218594,1.292468663,1.378980716,1.053084617,1.028605531,0.136364318,0.717126634,1.575157059,1.374468399,1.155295755,1.654221659,2006,239.3333333,-70.5,-10.987732,209.4166667,-69.91666667,-10.09409567,232.3333333,-66.25,-7.4467162,225.3333333,-68.16666667,-7.457804533,-0.03011949,855,NA,989,785,851,1070,1007,NA,NA,NA,0.022058808
28,Cape Colbeck,Colbeck,CBEK,2007,2,15488.72578,4125.610083,8980.295865,9922.510669,15078.78501,22687.73293,24693.34068,-0.468333333,1.016480557,0.257166667,-0.197416667,0.188583333,-0.223083333,-0.60175,0.283333333,0.52254718,-0.033333333,-0.166666667,-0.158333333,-0.183333333,-0.35,NA,NA,365,365,365,NA,NA,NA,0,0,0,NA,NA,NA,0.970425781,0.036939067,0.969726233,0.054985962,0.972651778,0.216261797,1.155415151,0.161672545,1.010219945,1.013991196,1.01972534,1.017250369,0.945768873,0.991733091,0.983812159,1.000148276,1.032682718,1.0065815,1.040716214,0.877143207,1.454884326,1.800701982,0.64330296,0.984967518,0.737548233,0.775218594,1.292468663,1.378980716,0.898022993,0.118147828,1.028605531,0.717126634,1.575157059,1.374468399,1.155295755,2007,212.9166667,-72,-9.797038,213.5833333,-70.16666667,-7.854533067,221,-69.33333333,-5.7262574,237.6666667,-71.83333333,-5.4139201,0.032652753,855,NA,989,785,851,1070,1007,NA,NA,NA,-0.015248603
29,Cape Colbeck,Colbeck,CBEK,2008,2,16140.74588,3334.863752,10583.54936,11323.88022,15790.76912,22108.66191,23673.89383,0.67075,0.725668327,-0.468333333,0.257166667,-0.197416667,0.188583333,-0.223083333,1.116666667,0.536708073,0.283333333,-0.033333333,-0.166666667,-0.158333333,-0.183333333,NA,NA,365,365,365,365,NA,NA,0,0,0,0,NA,NA,1.02061084,0.004057239,1.032723116,0.010447575,1.88992119,0.530793729,0.806771659,0.212664815,0.970425781,1.010219945,1.013991196,1.01972534,1.017250369,0.969726233,0.991733091,0.983812159,1.000148276,1.032682718,0.972651778,1.040716214,0.877143207,1.454884326,1.800701982,1.155415151,0.984967518,0.737548233,0.775218594,1.292468663,1.051735701,0.118454319,0.898022993,1.028605531,0.717126634,1.575157059,1.374468399,2008,228.9166667,-71.08333333,-6.748860533,244.5,-72.33333333,-12.95788567,233.8333333,-68.91666667,-6.486592667,265.3333333,-69.58333333,-7.512064533,0.042096433,855,NA,989,785,851,1070,1007,NA,NA,NA,0.027120197
30,Cape Colbeck,Colbeck,CBEK,2009,2,17239.31319,3792.002449,11043.04917,11829.17371,16813.10221,24049.13953,25812.4209,-0.1925,0.80892032,0.67075,-0.468333333,0.257166667,-0.197416667,0.188583333,0.166666667,0.712195354,1.116666667,0.283333333,-0.033333333,-0.166666667,-0.158333333,NA,NA,365,365,365,365,365,NA,0,0,0,0,0,NA,1.036280589,0.024045589,1.012851102,0.020820078,0.805038101,0.374371111,1.431437201,0.562286641,1.02061084,0.970425781,1.010219945,1.013991196,1.01972534,1.032723116,0.969726233,0.991733091,0.983812159,1.000148276,1.88992119,0.972651778,1.040716214,0.877143207,1.454884326,0.806771659,1.155415151,0.984967518,0.737548233,0.775218594,0.903371692,0.106438547,1.051735701,0.898022993,1.028605531,0.717126634,1.575157059,2009,255.3333333,-66.33333333,-7.596008433,227.6666667,-68.66666667,-7.480122867,256.4166667,-66.83333333,-7.070211,249.9166667,-69.91666667,-8.5232341,0.068061744,855,NA,989,785,851,1070,1007,NA,NA,NA,0.065673198
31,Cape Colbeck,Colbeck,CBEK,2010,2,19377.39033,3945.104506,12951.683,13757.7145,18926.09587,26433.02685,28294.18229,0.786416667,0.986471866,-0.1925,0.67075,-0.468333333,0.257166667,-0.197416667,0.9,1.12989675,0.166666667,1.116666667,0.283333333,-0.033333333,-0.166666667,11/02/2011,NA,365,365,365,365,365,365,0,0,0,0,0,0,1.048287282,0.026217076,1.036060037,0.021152778,1.302951654,0.518406728,0.666285287,0.386765987,1.036280589,1.02061084,0.970425781,1.010219945,1.013991196,1.012851102,1.032723116,0.969726233,0.991733091,0.983812159,0.805038101,1.88992119,0.972651778,1.040716214,0.877143207,1.431437201,0.806771659,1.155415151,0.984967518,0.737548233,0.879861115,0.269952316,0.903371692,1.051735701,0.898022993,1.028605531,0.717126634,2010,244.25,-69.25,-9.017639133,233.0833333,-72.5,-11.072754,235.6666667,-65.41666667,-7.388753167,262.5833333,-67.83333333,-10.5194295,0.124023336,855,NA,989,785,851,1070,1007,NA,NA,NA,0.065322838
32,Cape Colbeck,Colbeck,CBEK,2011,2,22163.67783,3959.248418,15485.58752,16356.30766,21797.66697,29208.47746,30966.50857,-0.054666667,1.158141063,0.786416667,-0.1925,0.67075,-0.468333333,0.257166667,1.375,0.748470663,0.9,0.166666667,1.116666667,0.283333333,-0.033333333,NA,18/03/2011,365,365,365,365,365,365,0,0,0,0,0,0,1.017615097,0.018758664,0.956041254,0.011712739,0.183596605,0.227205579,0.935499084,0.053184278,1.048287282,1.036280589,1.02061084,0.970425781,1.010219945,1.036060037,1.012851102,1.032723116,0.969726233,0.991733091,1.302951654,0.805038101,1.88992119,0.972651778,1.040716214,0.666285287,1.431437201,0.806771659,1.155415151,0.984967518,0.256484147,0.073054344,0.879861115,0.903371692,1.051735701,0.898022993,1.028605531,2011,250.75,-68.16666667,-5.972208733,205.5833333,-68.41666667,-9.646097667,250.5833333,-63.5,-5.743937167,232.75,-67.16666667,-7.549865567,0.143790647,855,NA,989,785,851,1070,1007,NA,NA,NA,-0.032773724
33,Cape Colbeck,Colbeck,CBEK,2012,2,22779.16011,3960.785113,16041.68537,16891.84878,22420.5241,29780.05202,31442.98918,0.133166667,0.854832131,-0.054666667,0.786416667,-0.1925,0.67075,-0.468333333,0.2,0.44907312,1.375,0.9,0.166666667,1.116666667,0.283333333,NA,NA,365,365,365,365,365,365,0,0,0,0,0,0,1.008178918,0.017811307,1.034493099,0.02416989,1.013365468,0.069841659,1.407197147,0.563727482,1.017615097,1.048287282,1.036280589,1.02061084,0.970425781,0.956041254,1.036060037,1.012851102,1.032723116,0.969726233,0.183596605,1.302951654,0.805038101,1.88992119,0.972651778,0.935499084,0.666285287,1.431437201,0.806771659,1.155415151,0.697991983,0.093119611,0.256484147,0.879861115,0.903371692,1.051735701,0.898022993,2012,243.4166667,-69.41666667,-10.04831967,231.9166667,-69.33333333,-10.23168933,239.4166667,-70.41666667,-6.6299845,204.1666667,-69.91666667,-6.677490333,0.027769862,855,NA,989,785,851,1070,1007,NA,NA,NA,0.032990012
34,Cape Colbeck,Colbeck,CBEK,2013,2,23227.07919,4267.126429,16137.20641,16992.1245,22793.11084,30925.56519,32825.37037,0.031666667,0.880367663,0.133166667,-0.054666667,0.786416667,-0.1925,0.67075,0.45,0.327871926,0.2,1.375,0.9,0.166666667,1.116666667,31/01/2014,NA,365,365,365,365,365,365,0,0,0,0,0,0,1.014838722,0.034075724,1.028907255,0.006957967,2.123545689,0.860001487,0.915597671,0.200643118,1.008178918,1.017615097,1.048287282,1.036280589,1.02061084,1.034493099,0.956041254,1.036060037,1.012851102,1.032723116,1.013365468,0.183596605,1.302951654,0.805038101,1.88992119,1.407197147,0.935499084,0.666285287,1.431437201,0.806771659,0.996274554,0.144129941,0.697991983,0.256484147,0.879861115,0.903371692,1.051735701,2013,250.8333333,-67.25,-10.45792667,237.0833333,-71.58333333,-8.022603133,236.0833333,-67.58333333,-6.163492833,230,-72.5,-5.946105933,0.019663547,855,NA,989,785,851,1070,1007,NA,NA,NA,0.015732511
35,Cape Colbeck,Colbeck,CBEK,2014,2,24568.28853,4822.431699,16694.99848,17649.82481,24014.27418,33311.47373,35573.25572,0.079083333,0.666503996,0.031666667,0.133166667,-0.054666667,0.786416667,-0.1925,-0.175,0.467484403,0.45,0.2,1.375,0.9,0.166666667,NA,11/03/2014,365,365,365,365,365,365,0,0,0,0,0,0,1.0376872,0.03065523,0.989076958,0.026947579,1.280371938,0.512342358,0.994847702,0.029089231,1.014838722,1.008178918,1.017615097,1.048287282,1.036280589,1.028907255,1.034493099,0.956041254,1.036060037,1.012851102,2.123545689,1.013365468,0.183596605,1.302951654,0.805038101,0.915597671,1.407197147,0.935499084,0.666285287,1.431437201,0.892611417,0.114125737,0.996274554,0.697991983,0.256484147,0.879861115,0.903371692,2014,242.8333333,-70.66666667,-8.439758333,212.3333333,-72.66666667,-11.607849,224.5,-72.5,-6.1402588,230.6666667,-69.75,-7.7219035,0.057743349,855,NA,989,785,851,1070,1007,NA,NA,NA,-0.021659248
36,Cape Colbeck,Colbeck,CBEK,2015,2,25489.31098,6387.674924,14855.54687,16201.99838,24877.36908,36812.11035,39809.07633,0.714083333,0.492051735,0.079083333,0.031666667,0.133166667,-0.054666667,0.786416667,-0.833333333,0.438431548,-0.175,0.45,0.2,1.375,0.9,NA,NA,365,365,365,365,365,365,0,0,0,0,0,0,1.014015802,0.023377758,1.077066084,0.006048226,0.408770357,0.37661895,0.92156433,0.268660238,1.0376872,1.014838722,1.008178918,1.017615097,1.048287282,0.989076958,1.028907255,1.034493099,0.956041254,1.036060037,1.280371938,2.123545689,1.013365468,0.183596605,1.302951654,0.994847702,0.915597671,1.407197147,0.935499084,0.666285287,0.70740588,0.127654638,0.892611417,0.996274554,0.697991983,0.256484147,0.879861115,2015,211,-72.75,-7.4763182,227.9166667,-74.5,-10.87288417,247.4166667,-70.66666667,-6.5680135,224,-70.25,-8.371236167,0.037488263,855,NA,989,785,851,1070,1007,NA,NA,NA,-0.057179661
37,Cape Colbeck,Colbeck,CBEK,2016,2,27650.93219,7857.005586,14788.85699,16683.65506,26994.19518,41313.87184,44906.9228,0.566833333,1.257792632,0.714083333,0.079083333,0.031666667,0.133166667,-0.054666667,-0.141666667,0.774013709,-0.833333333,-0.175,0.45,0.2,1.375,17/01/2017,NA,365,365,365,365,365,365,0,0,0,0,0,0,1.02620212,0.034760085,1.004524417,0.032004432,1.13225383,0.14818263,0.685692597,0.427457878,1.014015802,1.0376872,1.014838722,1.008178918,1.017615097,1.077066084,0.989076958,1.028907255,1.034493099,0.956041254,0.408770357,1.280371938,2.123545689,1.013365468,0.183596605,0.92156433,0.994847702,0.915597671,1.407197147,0.935499084,0.639177897,0.257059806,0.70740588,0.892611417,0.996274554,0.697991983,0.256484147,2016,220,-70.41666667,-9.860087,223.5,-72.5,-9.331746433,220.9166667,-70.41666667,-8.303690667,224.3333333,-72.66666667,-7.3230795,0.084805008,855,NA,989,785,851,1070,1007,NA,NA,NA,-0.032482908
38,Cape Colbeck,Colbeck,CBEK,2017,2,30261.31409,8194.391773,16922.29108,18672.68133,29418.4057,44959.8633,48965.33777,0.446,0.650038204,0.566833333,0.714083333,0.079083333,0.031666667,0.133166667,0.383333333,0.260874597,-0.141666667,-0.833333333,-0.175,0.45,0.2,17/01/2018,10/04/2017,282,365,365,365,365,365,0,0,0,0,0,0,0.955483203,0.074965988,1.04747308,0.008792258,0.194402797,0.212852213,0.687904354,0.415546884,1.02620212,1.014015802,1.0376872,1.014838722,1.008178918,1.004524417,1.077066084,0.989076958,1.028907255,1.034493099,1.13225383,0.408770357,1.280371938,2.123545689,1.013365468,0.685692597,0.92156433,0.994847702,0.915597671,1.407197147,0.163005138,0.237814154,0.639177897,0.70740588,0.892611417,0.996274554,0.697991983,2017,223.1666667,-70.33333333,-9.597391667,229.3333333,-73.66666667,-11.2891235,217.25,-64.33333333,-8.367289,236,-70.58333333,-8.318725667,0.094404843,855,NA,989,785,851,1070,1007,NA,NA,NA,-0.028201104
39,Cape Colbeck,Colbeck,CBEK,2018,2,34937.67239,9156.08467,20344.60215,22470.47882,34150.66734,50751.15439,54921.00512,0.42875,0.730429112,0.446,0.566833333,0.714083333,0.079083333,0.031666667,0.208333333,0.354632047,0.383333333,-0.141666667,-0.833333333,-0.175,0.45,8/01/2019,21/03/2018,293,282,365,365,365,365,0,0,0,0,0,0,1.009360383,0.028471182,0.992754767,0.033707717,0.250187541,0.328183588,0.783541233,0.311906783,0.955483203,1.02620212,1.014015802,1.0376872,1.014838722,1.04747308,1.004524417,1.077066084,0.989076958,1.028907255,0.194402797,1.13225383,0.408770357,1.280371938,2.123545689,0.687904354,0.685692597,0.92156433,0.994847702,0.915597671,0.260521203,0.157182787,0.163005138,0.639177897,0.70740588,0.892611417,0.996274554,2018,224.75,-68.66666667,-9.419861,232.4166667,-72.75,-8.543803,264.0833333,-67.08333333,-8.268859867,253.3333333,-68.91666667,-9.017110167,0.154532559,855,NA,989,785,851,1070,1007,NA,NA,NA,0.009705863
40,Cape Colbeck,Colbeck,CBEK,2019,2,40828.92225,8074.656623,27581.08017,29270.41113,39970.25147,55307.45684,59161.73075,-0.1645,0.959004301,0.42875,0.446,0.566833333,0.714083333,0.079083333,-0.45,0.193649167,0.208333333,0.383333333,-0.141666667,-0.833333333,-0.175,1/03/2020,3/04/2019,333,293,282,365,365,365,0,0,0,0,0,0,1.007556707,0.008938848,1.013120292,0.033371956,0.791458022,0.185859203,1.145230165,0.1366768,1.009360383,0.955483203,1.02620212,1.014015802,1.0376872,0.992754767,1.04747308,1.004524417,1.077066084,0.989076958,0.250187541,0.194402797,1.13225383,0.408770357,1.280371938,0.783541233,0.687904354,0.685692597,0.92156433,0.994847702,0.537867819,0.042914649,0.260521203,0.163005138,0.639177897,0.70740588,0.892611417,2019,212.3333333,-71.16666667,-11.1125285,209.5833333,-72.33333333,-12.02191167,207.3333333,-68.66666667,-5.275268567,251.6666667,-68.75,-6.814595667,0.168621704,855,NA,989,785,851,1070,1007,NA,NA,NA,-0.06134551
41,Cape Colbeck,Colbeck,CBEK,2020,2,42191.20089,8154.884918,28584.37521,30397.27446,41325.65625,56879.95823,60440.21201,0.427416667,0.762780818,-0.1645,0.42875,0.446,0.566833333,0.714083333,0.45,0.487339717,-0.45,0.208333333,0.383333333,-0.141666667,-0.833333333,15/02/2021,22/03/2020,330,333,293,282,365,365,0,0,0,0,0,0,1.057159911,0.024559432,1.017278383,0.025760736,0.357072784,0.370490289,0.911653677,0.307031417,1.007556707,1.009360383,0.955483203,1.02620212,1.014015802,1.013120292,0.992754767,1.04747308,1.004524417,1.077066084,0.791458022,0.250187541,0.194402797,1.13225383,0.408770357,1.145230165,0.783541233,0.687904354,0.685692597,0.92156433,0.43767777,0.23825314,0.537867819,0.260521203,0.163005138,0.639177897,0.70740588,2020,212.1666667,-74.25,-9.6526488,199,-69.75,-10.28902167,256.8333333,-68.83333333,-7.724507467,236.75,-71.5,-9.598205667,0.03336553,855,NA,989,785,851,1070,1007,NA,NA,NA,-0.036708587
42,Cape Colbeck,Colbeck,CBEK,2021,2,40531.36721,7564.243782,28000.8275,29632.6695,39731.03107,54162.64993,57810.57768,0.781083333,0.730269865,0.427416667,-0.1645,0.42875,0.446,0.566833333,0.883333333,0.348409083,0.45,-0.45,0.208333333,0.383333333,-0.141666667,12/01/2022,10/04/2021,277,330,333,293,282,365,0,0,0,0,0,0,1.049780876,0.012641988,1.005921913,0.012824195,0.369070063,0.4935317,0.603533759,0.462724997,1.057159911,1.007556707,1.009360383,0.955483203,1.02620212,1.017278383,1.013120292,0.992754767,1.04747308,1.004524417,0.357072784,0.791458022,0.250187541,0.194402797,1.13225383,0.911653677,1.145230165,0.783541233,0.687904354,0.685692597,0.703621309,0.584315242,0.43767777,0.537867819,0.260521203,0.163005138,0.639177897,2021,199.5,-70.58333333,-7.367818333,248.1666667,-69.91666667,-9.370544667,253.5,-70.41666667,-10.208822,253.4166667,-70.25,-10.31890867,-0.039340755,855,NA,989,785,851,1070,1007,NA,NA,NA,-0.095031694
43,Cape Colbeck,Colbeck,CBEK,2022,2,31803.14209,8021.58492,19548.65793,20995.41526,30694.75078,46540.3344,51008.0584,0.681083333,0.690122267,0.781083333,0.427416667,-0.1645,0.42875,0.446,1.308333333,0.189113429,0.883333333,0.45,-0.45,0.208333333,0.383333333,18/01/2023,29/03/2022,295,277,330,333,293,282,0,0,0,0,0,0,0.976904075,0.055270183,0.990802004,0.010144764,0.106857138,0.160871177,0.859766835,0.197326138,1.049780876,1.057159911,1.007556707,1.009360383,0.955483203,1.005921913,1.017278383,1.013120292,0.992754767,1.04747308,0.369070063,0.357072784,0.791458022,0.250187541,0.194402797,0.603533759,0.911653677,1.145230165,0.783541233,0.687904354,0.16627639,0.138342008,0.703621309,0.43767777,0.537867819,0.260521203,0.163005138,2022,233.0833333,-70.33333333,-8.8834635,220.75,-72,-11.44244367,230.4166667,-70.66666667,-8.930318167,257.25,-70,-9.564412333,-0.215344947,855,NA,989,785,851,1070,1007,NA,NA,NA,-0.083611251
44,Cape Colbeck,Colbeck,CBEK,2023,2,28169.57967,8566.968187,16433.51676,17659.17191,26453.15918,44348.77668,49525.40586,0.244083333,1.019156797,0.681083333,0.781083333,0.427416667,-0.1645,0.42875,-0.091666667,0.743256723,1.308333333,0.883333333,0.45,-0.45,0.208333333,27/01/2024,27/03/2023,306,295,277,330,333,293,0,0,0,0,0,0,1.031306151,0.036146408,0.967070743,0.036057466,0.285677355,0.4190945,0.910598159,0.222088552,0.976904075,1.049780876,1.057159911,1.007556707,1.009360383,0.990802004,1.005921913,1.017278383,1.013120292,0.992754767,0.106857138,0.369070063,0.357072784,0.791458022,0.250187541,0.859766835,0.603533759,0.911653677,1.145230165,0.783541233,0.248603885,0.143956843,0.16627639,0.703621309,0.43767777,0.537867819,0.260521203,2023,257.75,-68.33333333,-8.068359333,216.8333333,-70.91666667,-13.14676917,273.75,-68.33333333,-10.58652767,232.5833333,-70.25,-7.989013667,-0.11425168,855,NA,989,785,851,1070,1007,NA,NA,NA,-0.029457468
45,Cape Colbeck,Colbeck,CBEK,2024,2,26261.04474,10012.65056,13445.79201,14522.98858,24097.0517,45365.23972,51871.37811,0.00225,0.914392706,0.244083333,0.681083333,0.781083333,0.427416667,-0.1645,0.108333333,0.340240928,-0.091666667,1.308333333,0.883333333,0.45,-0.45,3/01/2025,28/03/2024,281,306,295,277,330,333,0,0,0,0,0,0,1.027032165,0.044031663,1.027656391,0.025145194,0.508004786,0.410567814,1.181654177,0.162792093,1.031306151,0.976904075,1.049780876,1.057159911,1.007556707,0.967070743,0.990802004,1.005921913,1.017278383,1.013120292,0.285677355,0.106857138,0.369070063,0.357072784,0.791458022,0.910598159,0.859766835,0.603533759,0.911653677,1.145230165,0.297513406,0.166700425,0.248603885,0.16627639,0.703621309,0.43767777,0.537867819,2024,195.75,-72.25,-13.1242675,NA,NA,NA,217,-72,-7.672546333,NA,NA,NA,-0.06775163,855,NA,989,785,851,1070,1007,NA,NA,NA,0.007716767
46,Coulman Island,Coulman,COUL,2005,3,28429.13851,5140.759751,19851.34368,20985.19238,27879.46557,37718.72884,39851.9447,-0.197416667,0.802264863,0.188583333,-0.223083333,-0.60175,0.353166667,-0.120416667,-0.166666667,0.576387216,-0.158333333,-0.183333333,-0.35,0.291666667,0.883333333,22/01/2006,30/03/2005,298,NA,NA,NA,NA,NA,0,NA,NA,NA,NA,NA,0.978896667,0.040344295,0.984287579,0.022962023,0.298564279,0.323368213,0.954843645,0.081512069,1.061338415,1.038016386,0.929652639,1.043392007,0.979933727,1.016906632,1.022167451,1.013230871,1.025886359,0.992835331,1.499081129,5.215654928,0.286358933,1.104479681,0.454440919,0.844667692,0.919617246,0.966272661,0.883490633,0.884830541,0.717126634,0.15833497,1.575157059,1.374468399,1.155295755,1.654221659,1.225973904,2005,191.25,-70.58333333,-7.984069667,214.8333333,-72.75,-12.70544433,242.1666667,-68.41666667,-6.656351767,222.8333333,-69.83333333,-9.197407867,NA,402,989,NA,453,314,155,192,NA,-0.008135828,0.0365908,0.0365908
47,Coulman Island,Coulman,COUL,2006,3,28208.0627,4510.549222,20526.64536,21574.98916,27811.15414,36286.64843,38246.06087,0.257166667,0.808554454,-0.197416667,0.188583333,-0.223083333,-0.60175,0.353166667,-0.033333333,0.715697018,-0.166666667,-0.158333333,-0.183333333,-0.35,0.291666667,1/02/2007,2/04/2006,305,298,NA,NA,NA,NA,0,0,NA,NA,NA,NA,1.01384586,0.012295034,1.00329907,0.031782772,0.480827178,0.269541503,1.047452276,0.035112625,0.978896667,1.061338415,1.038016386,0.929652639,1.043392007,0.984287579,1.016906632,1.022167451,1.013230871,1.025886359,0.298564279,1.499081129,5.215654928,0.286358933,1.104479681,0.954843645,0.844667692,0.919617246,0.966272661,0.883490633,1.028605531,0.136364318,0.717126634,1.575157059,1.374468399,1.155295755,1.654221659,2006,239.3333333,-70.5,-10.987732,209.4166667,-69.91666667,-10.09409567,232.3333333,-66.25,-7.4467162,225.3333333,-68.16666667,-7.457804533,-0.007776381,402,989,NA,453,314,155,192,NA,-0.064127599,0.028025846,0.018334957
48,Coulman Island,Coulman,COUL,2007,3,25989.59852,4296.447547,18543.67247,19578.2612,25652.1623,33565.71117,35434.18519,-0.468333333,1.016480557,0.257166667,-0.197416667,0.188583333,-0.223083333,-0.60175,0.283333333,0.52254718,-0.033333333,-0.166666667,-0.158333333,-0.183333333,-0.35,7/01/2008,3/04/2007,279,305,298,NA,NA,NA,0,0,0,NA,NA,NA,1.013375122,0.050108687,0.974709529,0.011339756,1.231692564,0.232598037,1.219981156,0.297184345,1.01384586,0.978896667,1.061338415,1.038016386,0.929652639,1.00329907,0.984287579,1.016906632,1.022167451,1.013230871,0.480827178,0.298564279,1.499081129,5.215654928,0.286358933,1.047452276,0.954843645,0.844667692,0.919617246,0.966272661,0.898022993,0.118147828,1.028605531,0.717126634,1.575157059,1.374468399,1.155295755,2007,212.9166667,-72,-9.797038,213.5833333,-70.16666667,-7.854533067,221,-69.33333333,-5.7262574,237.6666667,-71.83333333,-5.4139201,-0.078646457,402,989,NA,453,314,155,192,NA,-0.017606081,-0.002569032,0.003301265
49,Coulman Island,Coulman,COUL,2008,3,25801.2871,4241.744301,18465.50536,19511.75184,25430.43462,33293.21424,35295.60791,0.67075,0.725668327,-0.468333333,0.257166667,-0.197416667,0.188583333,-0.223083333,1.116666667,0.536708073,0.283333333,-0.033333333,-0.166666667,-0.158333333,-0.183333333,29/12/2008,1/04/2008,272,279,305,298,NA,NA,0,0,0,0,NA,NA,1.035425606,0.025465784,1.045780588,0.003301642,2.235922009,0.672674046,1.187653884,0.241780676,1.013375122,1.01384586,0.978896667,1.061338415,1.038016386,0.974709529,1.00329907,0.984287579,1.016906632,1.022167451,1.231692564,0.480827178,0.298564279,1.499081129,5.215654928,1.219981156,1.047452276,0.954843645,0.844667692,0.919617246,1.051735701,0.118454319,0.898022993,1.028605531,0.717126634,1.575157059,1.374468399,2008,228.9166667,-71.08333333,-6.748860533,244.5,-72.33333333,-12.95788567,233.8333333,-68.91666667,-6.486592667,265.3333333,-69.58333333,-7.512064533,-0.007245646,402,989,NA,453,314,155,192,NA,0.045018908,0.033993366,0.035343877
50,Coulman Island,Coulman,COUL,2009,3,24421.80741,4127.043372,17459.09483,18371.16602,24054.51696,31742.45584,33577.992,-0.1925,0.80892032,0.67075,-0.468333333,0.257166667,-0.197416667,0.188583333,0.166666667,0.712195354,1.116666667,0.283333333,-0.033333333,-0.166666667,-0.158333333,17/01/2010,12/04/2009,280,272,279,305,298,NA,0,0,0,0,0,NA,1.017042106,0.004861055,0.981969711,0.022425447,1.308889463,0.298668583,0.892330806,0.16752405,1.035425606,1.013375122,1.01384586,0.978896667,1.061338415,1.045780588,0.974709529,1.00329907,0.984287579,1.016906632,2.235922009,1.231692564,0.480827178,0.298564279,1.499081129,1.187653884,1.219981156,1.047452276,0.954843645,0.844667692,0.903371692,0.106438547,1.051735701,0.898022993,1.028605531,0.717126634,1.575157059,2009,255.3333333,-66.33333333,-7.596008433,227.6666667,-68.66666667,-7.480122867,256.4166667,-66.83333333,-7.070211,249.9166667,-69.91666667,-8.5232341,-0.053465538,402,989,NA,453,314,155,192,NA,0.052587706,0.089500945,0.085927745
51,Coulman Island,Coulman,COUL,2010,3,23124.10117,3004.010329,17856.89188,18586.0281,22903.60034,28375.91091,29625.07166,0.786416667,0.986471866,-0.1925,0.67075,-0.468333333,0.257166667,-0.197416667,0.9,1.12989675,0.166666667,1.116666667,0.283333333,-0.033333333,-0.166666667,10/01/2011,27/03/2010,289,280,272,279,305,298,0,0,0,0,0,0,1.041199345,0.021730441,1.014879074,0.002639319,1.283406183,0.204306312,0.961719598,0.077572533,1.017042106,1.035425606,1.013375122,1.01384586,0.978896667,0.981969711,1.045780588,0.974709529,1.00329907,0.984287579,1.308889463,2.235922009,1.231692564,0.480827178,0.298564279,0.892330806,1.187653884,1.219981156,1.047452276,0.954843645,0.879861115,0.269952316,0.903371692,1.051735701,0.898022993,1.028605531,0.717126634,2010,244.25,-69.25,-9.017639133,233.0833333,-72.5,-11.072754,235.6666667,-65.41666667,-7.388753167,262.5833333,-67.83333333,-10.5194295,-0.053137191,402,989,NA,453,314,155,192,NA,0.021486144,0.089014844,0.094849593
52,Coulman Island,Coulman,COUL,2011,3,21588.27835,2282.62001,17551.14229,18115.15558,21440.50088,25561.14464,26496.54322,-0.054666667,1.158141063,0.786416667,-0.1925,0.67075,-0.468333333,0.257166667,1.375,0.748470663,0.9,0.166666667,1.116666667,0.283333333,-0.033333333,10/01/2012,9/04/2011,276,289,280,272,279,305,0,0,0,0,0,0,1.010617043,0.005779308,1.005587689,0.003495602,0.463302182,0.238297974,1.090042999,0.069429745,1.041199345,1.017042106,1.035425606,1.013375122,1.01384586,1.014879074,0.981969711,1.045780588,0.974709529,1.00329907,1.283406183,1.308889463,2.235922009,1.231692564,0.480827178,0.961719598,0.892330806,1.187653884,1.219981156,1.047452276,0.256484147,0.073054344,0.879861115,0.903371692,1.051735701,0.898022993,1.028605531,2011,250.75,-68.16666667,-5.972208733,205.5833333,-68.41666667,-9.646097667,250.5833333,-63.5,-5.743937167,232.75,-67.16666667,-7.549865567,-0.066416541,402,989,NA,453,314,155,192,NA,0.022493608,-0.026045161,0.002260807
53,Coulman Island,Coulman,COUL,2012,3,24613.59592,3681.829343,18156.62088,19069.9581,24313.81925,31163.25623,32678.13194,0.133166667,0.854832131,-0.054666667,0.786416667,-0.1925,0.67075,-0.468333333,0.2,0.44907312,1.375,0.9,0.166666667,1.116666667,0.283333333,18/01/2013,1/04/2012,292,276,289,280,272,279,0,0,0,0,0,0,1.021599044,0.022833015,1.037369906,0.015169039,1.631287381,0.27928306,1.070467682,0.115455608,1.010617043,1.041199345,1.017042106,1.035425606,1.013375122,1.005587689,1.014879074,0.981969711,1.045780588,0.974709529,0.463302182,1.283406183,1.308889463,2.235922009,1.231692564,1.090042999,0.961719598,0.892330806,1.187653884,1.219981156,0.697991983,0.093119611,0.256484147,0.879861115,0.903371692,1.051735701,0.898022993,2012,243.4166667,-69.41666667,-10.04831967,231.9166667,-69.33333333,-10.23168933,239.4166667,-70.41666667,-6.6299845,204.1666667,-69.91666667,-6.677490333,0.140137047,402,989,NA,453,314,155,192,NA,-0.001490842,0.011560605,0.014262148
54,Coulman Island,Coulman,COUL,2013,3,26831.55008,4471.200458,19450.62166,20466.8943,26358.77884,34904.63928,37102.78488,0.031666667,0.880367663,0.133166667,-0.054666667,0.786416667,-0.1925,0.67075,0.45,0.327871926,0.2,1.375,0.9,0.166666667,1.116666667,30/12/2013,13/04/2013,261,292,276,289,280,272,0,0,0,0,0,0,1.039285064,0.047109206,1.015417566,0.026126034,1.423996761,0.273465055,0.987235273,0.044369615,1.021599044,1.010617043,1.041199345,1.017042106,1.035425606,1.037369906,1.005587689,1.014879074,0.981969711,1.045780588,1.631287381,0.463302182,1.283406183,1.308889463,2.235922009,1.070467682,1.090042999,0.961719598,0.892330806,1.187653884,0.996274554,0.144129941,0.697991983,0.256484147,0.879861115,0.903371692,1.051735701,2013,250.8333333,-67.25,-10.45792667,237.0833333,-71.58333333,-8.022603133,236.0833333,-67.58333333,-6.163492833,230,-72.5,-5.946105933,0.090110936,402,989,NA,453,314,155,192,NA,0.012132166,0.000856826,0.003991279
55,Coulman Island,Coulman,COUL,2014,3,29922.14897,5028.682276,21657.73751,22706.4087,29381.49001,39007.94833,41238.72065,0.079083333,0.666503996,0.031666667,0.133166667,-0.054666667,0.786416667,-0.1925,-0.175,0.467484403,0.45,0.2,1.375,0.9,0.166666667,1/02/2015,6/04/2014,301,261,292,276,289,280,0,0,0,0,0,0,1.034139821,0.014746978,1.020627245,0.027331313,0.710976542,0.257364295,1.298604367,0.402579238,1.039285064,1.021599044,1.010617043,1.041199345,1.017042106,1.015417566,1.037369906,1.005587689,1.014879074,0.981969711,1.423996761,1.631287381,0.463302182,1.283406183,1.308889463,0.987235273,1.070467682,1.090042999,0.961719598,0.892330806,0.892611417,0.114125737,0.996274554,0.697991983,0.256484147,0.879861115,0.903371692,2014,242.8333333,-70.66666667,-8.439758333,212.3333333,-72.66666667,-11.607849,224.5,-72.5,-6.1402588,230.6666667,-69.75,-7.7219035,0.115185253,402,989,NA,453,314,155,192,NA,-0.052444694,-0.049028148,-0.031232899
56,Coulman Island,Coulman,COUL,2015,3,24565.81777,4950.492434,16443.865,17541.21198,24010.70296,33438.51265,35797.29175,0.714083333,0.492051735,0.079083333,0.031666667,0.133166667,-0.054666667,0.786416667,-0.833333333,0.438431548,-0.175,0.45,0.2,1.375,0.9,3/01/2016,11/04/2015,267,301,261,292,276,289,0,0,0,0,0,0,1.042424286,0.055431079,1.01842723,0.013920652,2.145350164,0.742082731,0.996705177,0.025881338,1.034139821,1.039285064,1.021599044,1.010617043,1.041199345,1.020627245,1.015417566,1.037369906,1.005587689,1.014879074,0.710976542,1.423996761,1.631287381,0.463302182,1.283406183,1.298604367,0.987235273,1.070467682,1.090042999,0.961719598,0.70740588,0.127654638,0.892611417,0.996274554,0.697991983,0.256484147,0.879861115,2015,211,-72.75,-7.4763182,227.9166667,-74.5,-10.87288417,247.4166667,-70.66666667,-6.5680135,224,-70.25,-8.371236167,-0.179008908,402,989,NA,453,314,155,192,NA,-0.036676452,-0.032813812,-0.0210968
57,Coulman Island,Coulman,COUL,2016,3,21352.32736,4042.66069,14694.05147,15572.26087,20892.12479,28634.02673,30592.34145,0.566833333,1.257792632,0.714083333,0.079083333,0.031666667,0.133166667,-0.054666667,-0.141666667,0.774013709,-0.833333333,-0.175,0.45,0.2,1.375,6/12/2016,18/04/2016,232,267,301,261,292,276,1,0,0,0,0,0,1.033497805,0.013219153,1.006085226,0.014229202,0.873220249,0.102107043,1.057330343,0.08163925,1.042424286,1.034139821,1.039285064,1.021599044,1.010617043,1.01842723,1.020627245,1.015417566,1.037369906,1.005587689,2.145350164,0.710976542,1.423996761,1.631287381,0.463302182,0.996705177,1.298604367,0.987235273,1.070467682,1.090042999,0.639177897,0.257059806,0.70740588,0.892611417,0.996274554,0.697991983,0.256484147,2016,220,-70.41666667,-9.860087,223.5,-72.5,-9.331746433,220.9166667,-70.41666667,-8.303690667,224.3333333,-72.66666667,-7.3230795,-0.130811457,402,989,NA,453,314,155,192,NA,-0.05563301,-0.012817198,0.00345317
58,Coulman Island,Coulman,COUL,2017,3,19058.11941,3780.684185,12665.09635,13503.088,18709.56693,25689.87426,27408.71183,0.446,0.650038204,0.566833333,0.714083333,0.079083333,0.031666667,0.133166667,0.383333333,0.260874597,-0.141666667,-0.833333333,-0.175,0.45,0.2,11/01/2018,9/04/2017,277,232,267,301,261,292,0,1,0,0,0,0,0.978096059,0.020600297,1.015312277,0.01003244,0.306384331,0.276174853,1.210645586,0.247833801,1.033497805,1.042424286,1.034139821,1.039285064,1.021599044,1.006085226,1.01842723,1.020627245,1.015417566,1.037369906,0.873220249,2.145350164,0.710976542,1.423996761,1.631287381,1.057330343,0.996705177,1.298604367,0.987235273,1.070467682,0.163005138,0.237814154,0.639177897,0.70740588,0.892611417,0.996274554,0.697991983,2017,223.1666667,-70.33333333,-9.597391667,229.3333333,-73.66666667,-11.2891235,217.25,-64.33333333,-8.367289,236,-70.58333333,-8.318725667,-0.107445334,402,989,NA,453,314,155,192,NA,0.008245242,-0.012352258,0.005440592
59,Coulman Island,Coulman,COUL,2018,3,19166.48964,3035.34082,13956.28246,14681.78961,18916.89311,24552.36818,25811.43638,0.42875,0.730429112,0.446,0.566833333,0.714083333,0.079083333,0.031666667,0.208333333,0.354632047,0.383333333,-0.141666667,-0.833333333,-0.175,0.45,18/01/2019,20/04/2018,273,277,232,267,301,261,0,0,1,0,0,0,0.992059358,0.020100046,1.005362281,0.017810189,2.310345977,1.101052761,1.100516719,0.140624987,0.978096059,1.033497805,1.042424286,1.034139821,1.039285064,1.015312277,1.006085226,1.01842723,1.020627245,1.015417566,0.306384331,0.873220249,2.145350164,0.710976542,1.423996761,1.210645586,1.057330343,0.996705177,1.298604367,0.987235273,0.260521203,0.157182787,0.163005138,0.639177897,0.70740588,0.892611417,0.996274554,2018,224.75,-68.66666667,-9.419861,232.4166667,-72.75,-8.543803,264.0833333,-67.08333333,-8.268859867,253.3333333,-68.91666667,-9.017110167,0.005686302,402,989,NA,453,314,155,192,NA,0.009299876,0.010509775,0.034513572
60,Coulman Island,Coulman,COUL,2019,3,16815.10502,3061.032902,11720.02252,12374.34343,16510.78826,22330.50803,23665.0842,-0.1645,0.959004301,0.42875,0.446,0.566833333,0.714083333,0.079083333,-0.45,0.193649167,0.208333333,0.383333333,-0.141666667,-0.833333333,-0.175,8/01/2020,14/04/2019,269,273,277,232,267,301,0,0,0,1,0,0,0.972557447,0.026078563,0.987774448,0.007100436,0.892615824,0.383500341,1.014296875,0.052239135,0.992059358,0.978096059,1.033497805,1.042424286,1.034139821,1.005362281,1.015312277,1.006085226,1.01842723,1.020627245,2.310345977,0.306384331,0.873220249,2.145350164,0.710976542,1.100516719,1.210645586,1.057330343,0.996705177,1.298604367,0.537867819,0.042914649,0.260521203,0.163005138,0.639177897,0.70740588,0.892611417,2019,212.3333333,-71.16666667,-11.1125285,209.5833333,-72.33333333,-12.02191167,207.3333333,-68.66666667,-5.275268567,251.6666667,-68.75,-6.814595667,-0.12268207,402,989,NA,453,314,155,192,NA,-0.031611674,-0.049078198,-0.012794881
61,Coulman Island,Coulman,COUL,2020,3,15482.9635,2888.886141,10670.02347,11301.09853,15185.02902,20705.40354,22055.69793,0.427416667,0.762780818,-0.1645,0.42875,0.446,0.566833333,0.714083333,0.45,0.487339717,-0.45,0.208333333,0.383333333,-0.141666667,-0.833333333,5/01/2021,10/04/2020,270,269,273,277,232,267,0,0,0,0,1,0,1.033591814,0.010972096,0.982982911,0.012227407,0.506940245,0.356537043,0.95540055,0.059460014,0.972557447,0.992059358,0.978096059,1.033497805,1.042424286,0.987774448,1.005362281,1.015312277,1.006085226,1.01842723,0.892615824,2.310345977,0.306384331,0.873220249,2.145350164,1.014296875,1.100516719,1.210645586,1.057330343,0.996705177,0.43767777,0.23825314,0.537867819,0.260521203,0.163005138,0.639177897,0.70740588,2020,212.1666667,-74.25,-9.6526488,199,-69.75,-10.28902167,256.8333333,-68.83333333,-7.724507467,236.75,-71.5,-9.598205667,-0.079222908,402,989,NA,453,314,155,192,NA,-0.030004719,-0.028205723,-0.017943847
62,Coulman Island,Coulman,COUL,2021,3,14938.0523,2666.800454,10545.51675,11110.95195,14674.615,19692.3703,20982.00436,0.781083333,0.730269865,0.427416667,-0.1645,0.42875,0.446,0.566833333,0.883333333,0.348409083,0.45,-0.45,0.208333333,0.383333333,-0.141666667,30/12/2021,14/04/2021,260,270,269,273,277,232,0,0,0,0,0,1,1.024030209,0.005610818,0.994788235,0.008842611,0.312848376,0.248510272,0.995030925,0.014196913,1.033591814,0.972557447,0.992059358,0.978096059,1.033497805,0.982982911,0.987774448,1.005362281,1.015312277,1.006085226,0.506940245,0.892615824,2.310345977,0.306384331,0.873220249,0.95540055,1.014296875,1.100516719,1.210645586,1.057330343,0.703621309,0.584315242,0.43767777,0.537867819,0.260521203,0.163005138,0.639177897,2021,199.5,-70.58333333,-7.367818333,248.1666667,-69.91666667,-9.370544667,253.5,-70.41666667,-10.208822,253.4166667,-70.25,-10.31890867,-0.035194244,402,989,NA,453,314,155,192,NA,-0.071512428,-0.106999184,-0.095722779
63,Coulman Island,Coulman,COUL,2022,3,13271.60689,2587.58409,9112.817357,9638.039105,12964.55161,17925.52708,19210.62027,0.681083333,0.690122267,0.781083333,0.427416667,-0.1645,0.42875,0.446,1.308333333,0.189113429,0.883333333,0.45,-0.45,0.208333333,0.383333333,13/01/2023,2/04/2022,286,260,270,269,273,277,NA,0,0,0,0,0,0.95781545,0.03383291,0.98823136,0.008551976,0.416575724,0.313372017,1.183984086,0.29944243,1.024030209,1.033591814,0.972557447,0.992059358,0.978096059,0.994788235,0.982982911,0.987774448,1.005362281,1.015312277,0.312848376,0.506940245,0.892615824,2.310345977,0.306384331,0.995030925,0.95540055,1.014296875,1.100516719,1.210645586,0.16627639,0.138342008,0.703621309,0.43767777,0.537867819,0.260521203,0.163005138,2022,233.0833333,-70.33333333,-8.8834635,220.75,-72,-11.44244367,230.4166667,-70.66666667,-8.930318167,257.25,-70,-9.564412333,-0.111557074,402,989,NA,453,314,155,192,NA,-0.08463258,-0.078022086,-0.10090923
64,Coulman Island,Coulman,COUL,2023,3,11935.87841,2737.458593,7677.10209,8153.746618,11587.91249,16889.12412,18309.73723,0.244083333,1.019156797,0.681083333,0.781083333,0.427416667,-0.1645,0.42875,-0.091666667,0.743256723,1.308333333,0.883333333,0.45,-0.45,0.208333333,19/01/2024,18/04/2023,276,286,260,270,269,273,NA,NA,0,0,0,0,1.03995119,0.045844343,1.015558879,0.019148599,1.784557284,0.399098386,1.074054595,0.099562078,0.95781545,1.024030209,1.033591814,0.972557447,0.992059358,0.98823136,0.994788235,0.982982911,0.987774448,1.005362281,0.416575724,0.312848376,0.506940245,0.892615824,2.310345977,1.183984086,0.995030925,0.95540055,1.014296875,1.100516719,0.248603885,0.143956843,0.16627639,0.703621309,0.43767777,0.537867819,0.260521203,2023,257.75,-68.33333333,-8.068359333,216.8333333,-70.91666667,-13.14676917,273.75,-68.33333333,-10.58652767,232.5833333,-70.25,-7.989013667,-0.100645573,402,989,NA,453,314,155,192,NA,-0.009183609,-0.015219847,-0.031725153
65,Coulman Island,Coulman,COUL,2024,3,11993.9925,2800.95414,7758.230521,8260.548078,11570.15364,17138.99133,18605.95674,0.00225,0.914392706,0.244083333,0.681083333,0.781083333,0.427416667,-0.1645,0.108333333,0.340240928,-0.091666667,1.308333333,0.883333333,0.45,-0.45,3/01/2025,28/03/2024,281,276,286,260,270,269,NA,NA,NA,0,0,0,1.006654404,0.026637053,1.005916291,0.015034834,1.388838615,0.240168807,1.004974602,0.02544719,1.03995119,0.95781545,1.024030209,1.033591814,0.972557447,1.015558879,0.98823136,0.994788235,0.982982911,0.987774448,1.784557284,0.416575724,0.312848376,0.506940245,0.892615824,1.074054595,1.183984086,0.995030925,0.95540055,1.014296875,0.297513406,0.166700425,0.248603885,0.16627639,0.703621309,0.43767777,0.537867819,2024,195.75,-72.25,-13.1242675,NA,NA,NA,217,-72,-7.672546333,NA,NA,NA,0.004868857,402,989,NA,453,314,155,192,NA,0.038527237,0.008428745,-0.00680733
66,Cape Crozier,Crozier,CROZ,2001,4,NA,NA,NA,NA,NA,NA,NA,0.353166667,0.78628142,-0.120416667,0.631833333,0.778583333,-0.060583333,-0.193583333,0.291666667,0.487268464,0.883333333,0.808333333,0.025,-0.775,0.625,NA,17/03/2001,365,NA,NA,NA,NA,NA,0,NA,NA,NA,NA,NA,0.963857818,0.038505235,0.985460734,0.05551043,2.395401752,1.368930511,0.963500996,0.026331048,0.999642621,1.010671337,0.990035161,1.012161579,1.000977818,0.979202076,0.990156275,0.980070166,0.993615215,0.968440134,0.753218926,0.618665893,1.184162761,0.74835544,0.585424455,1.187465096,0.929716199,0.977369902,0.723901603,0.882796936,1.654221659,0.244543785,1.225973904,1.512614439,1.977582604,0.763742281,1.183330772,2001,220.1666667,-71.58333333,-7.894409,238.0833333,-70,-14.47422267,274.1666667,-63.83333333,-5.537760433,271.8333333,-69.5,-9.586120667,NA,79,785,453,NA,142,604,328,0.06670251,0.06670251,0.06670251,0.06670251
67,Cape Crozier,Crozier,CROZ,2002,4,522.1240081,118.5722685,342.1075682,362.1797549,504.8459381,736.4752996,800.6184842,-0.60175,1.311886182,0.353166667,-0.120416667,0.631833333,0.778583333,-0.060583333,-0.35,0.390512484,0.291666667,0.883333333,0.808333333,0.025,-0.775,NA,NA,365,365,NA,NA,NA,NA,0,0,NA,NA,NA,NA,0.976896476,0.074106855,1.036086261,0.007915973,1.285127866,0.357435552,1.450352421,0.448255599,0.963857818,0.999642621,1.010671337,0.990035161,1.012161579,0.985460734,0.979202076,0.990156275,0.980070166,0.993615215,2.395401752,0.753218926,0.618665893,1.184162761,0.74835544,0.963500996,1.187465096,0.929716199,0.977369902,0.723901603,1.155295755,0.072909674,1.654221659,1.225973904,1.512614439,1.977582604,0.763742281,2002,192.75,-66.83333333,-11.60162333,222.8333333,-71.58333333,-8.989217,220.8333333,-68,-8.344177333,252.75,-68.08333333,-4.6062622,NA,79,785,453,NA,142,604,328,-0.016926985,0.02581135,0.02581135,0.025811351
68,Cape Crozier,Crozier,CROZ,2003,4,441.8007672,85.97497636,299.6193037,317.5566034,433.0561153,596.0392251,634.7395904,-0.223083333,0.625247212,-0.60175,0.353166667,-0.120416667,0.631833333,0.778583333,-0.183333333,0.247767812,-0.35,0.291666667,0.883333333,0.808333333,0.025,31/12/2003,NA,365,365,365,NA,NA,NA,0,0,0,NA,NA,NA,0.994540307,0.09941877,0.991082982,0.065247771,3.162231241,2.466220158,0.99464541,0.025235646,0.976896476,0.963857818,0.999642621,1.010671337,0.990035161,1.036086261,0.985460734,0.979202076,0.990156275,0.980070166,1.285127866,2.395401752,0.753218926,0.618665893,1.184162761,1.450352421,0.963500996,1.187465096,0.929716199,0.977369902,1.374468399,0.147785233,1.155295755,1.654221659,1.225973904,1.512614439,1.977582604,2003,204.9166667,-69.25,-9.6838784,239.25,-70.83333333,-8.449666433,239.5833333,-65.5,-6.5290732,214.3333333,-70.75,-6.9757486,-0.153839394,79,785,453,NA,142,604,328,-0.120929478,-0.077416683,-0.077416683,-0.077416684
69,Cape Crozier,Crozier,CROZ,2004,4,396.8506461,77.61315546,266.2026182,284.1023374,389.4400143,534.5710911,568.590234,0.188583333,0.748328633,-0.223083333,-0.60175,0.353166667,-0.120416667,0.631833333,-0.158333333,0.281242284,-0.183333333,-0.35,0.291666667,0.883333333,0.808333333,17/01/2005,18/03/2004,305,365,365,365,NA,NA,0,0,0,0,NA,NA,1.016187642,0.044189319,1.031285439,0.029076987,2.328699804,1.280786141,0.962677767,0.10249822,0.994540307,0.976896476,0.963857818,0.999642621,1.010671337,0.991082982,1.036086261,0.985460734,0.979202076,0.990156275,3.162231241,1.285127866,2.395401752,0.753218926,0.618665893,0.99464541,1.450352421,0.963500996,1.187465096,0.929716199,1.575157059,0.262081773,1.374468399,1.155295755,1.654221659,1.225973904,1.512614439,2004,224,-72.83333333,-8.569987,248.9166667,-73.41666667,-10.72039767,260.8333333,-64.25,-6.524943067,231.0833333,-69.83333333,-7.463012767,-0.101742968,79,785,453,NA,142,604,328,-0.019813825,0.085761733,0.085761733,0.085761733
70,Cape Crozier,Crozier,CROZ,2005,4,427.6374603,74.80776124,300.1486966,317.4814757,420.5431697,560.6512858,593.9173398,-0.197416667,0.802264863,0.188583333,-0.223083333,-0.60175,0.353166667,-0.120416667,-0.166666667,0.576387216,-0.158333333,-0.183333333,-0.35,0.291666667,0.883333333,1/01/2006,30/03/2005,277,305,365,365,365,NA,0,0,0,0,0,NA,1.045190117,0.047386412,1.01226247,0.003798698,2.194826584,1.228398449,1.010124461,0.032317758,1.016187642,0.994540307,0.976896476,0.963857818,0.999642621,1.031285439,0.991082982,1.036086261,0.985460734,0.979202076,2.328699804,3.162231241,1.285127866,2.395401752,0.753218926,0.962677767,0.99464541,1.450352421,0.963500996,1.187465096,0.717126634,0.15833497,1.575157059,1.374468399,1.155295755,1.654221659,1.225973904,2005,191.25,-70.58333333,-7.984069667,214.8333333,-72.75,-12.70544433,242.1666667,-68.41666667,-6.656351767,222.8333333,-69.83333333,-9.197407867,0.077577836,79,785,453,NA,142,604,328,0.078962995,0.060823909,0.034944233,0.026344041
71,Cape Crozier,Crozier,CROZ,2006,4,472.1146891,80.85713609,333.3929099,351.6034097,465.346103,614.1179635,648.9999368,0.257166667,0.808554454,-0.197416667,0.188583333,-0.223083333,-0.60175,0.353166667,-0.033333333,0.715697018,-0.166666667,-0.158333333,-0.183333333,-0.35,0.291666667,10/12/2006,30/03/2006,255,277,305,365,365,365,1,0,0,0,0,0,1.067133816,0.05871823,0.992538911,0.08026064,1.456694522,0.520114222,0.93907048,0.077710969,1.045190117,1.016187642,0.994540307,0.976896476,0.963857818,1.01226247,1.031285439,0.991082982,1.036086261,0.985460734,2.194826584,2.328699804,3.162231241,1.285127866,2.395401752,1.010124461,0.962677767,0.99464541,1.450352421,0.963500996,1.028605531,0.136364318,0.717126634,1.575157059,1.374468399,1.155295755,1.654221659,2006,239.3333333,-70.5,-10.987732,209.4166667,-69.91666667,-10.09409567,232.3333333,-66.25,-7.4467162,225.3333333,-68.16666667,-7.457804533,0.104006858,79,785,453,NA,142,604,328,0.022574278,0.082188786,0.027311817,-0.000295583
72,Cape Crozier,Crozier,CROZ,2007,4,533.7937942,92.5229343,372.5201075,394.2346714,526.7166441,694.9611183,735.8097704,-0.468333333,1.016480557,0.257166667,-0.197416667,0.188583333,-0.223083333,-0.60175,0.283333333,0.52254718,-0.033333333,-0.166666667,-0.158333333,-0.183333333,-0.35,17/12/2007,11/03/2007,281,255,277,305,365,365,0,1,0,0,0,0,0.940980831,0.055652873,0.922051761,0.010686005,0.597416826,0.371575591,1.067436131,0.032319773,1.067133816,1.045190117,1.016187642,0.994540307,0.976896476,0.992538911,1.01226247,1.031285439,0.991082982,1.036086261,1.456694522,2.194826584,2.328699804,3.162231241,1.285127866,0.93907048,1.010124461,0.962677767,0.99464541,1.450352421,0.898022993,0.118147828,1.028605531,0.717126634,1.575157059,1.374468399,1.155295755,2007,212.9166667,-72,-9.797038,213.5833333,-70.16666667,-7.854533067,221,-69.33333333,-5.7262574,237.6666667,-71.83333333,-5.4139201,0.130644325,79,785,453,NA,142,604,328,-0.079270272,-0.054138663,-0.050890642,-0.031580532
73,Cape Crozier,Crozier,CROZ,2008,4,585.0832854,106.1500659,402.8716983,426.715211,576.4271254,772.9869446,820.0938672,0.67075,0.725668327,-0.468333333,0.257166667,-0.197416667,0.188583333,-0.223083333,1.116666667,0.536708073,0.283333333,-0.033333333,-0.166666667,-0.158333333,-0.183333333,6/12/2008,28/03/2008,253,281,255,277,305,365,1,0,1,0,0,0,0.976504267,0.028217272,1.036260685,0.050518716,1.225773077,0.209155268,1.140061214,0.079291463,0.940980831,1.067133816,1.045190117,1.016187642,0.994540307,0.922051761,0.992538911,1.01226247,1.031285439,0.991082982,0.597416826,1.456694522,2.194826584,2.328699804,3.162231241,1.067436131,0.93907048,1.010124461,0.962677767,0.99464541,1.051735701,0.118454319,0.898022993,1.028605531,0.717126634,1.575157059,1.374468399,2008,228.9166667,-71.08333333,-6.748860533,244.5,-72.33333333,-12.95788567,233.8333333,-68.91666667,-6.486592667,265.3333333,-69.58333333,-7.512064533,0.09608484,79,785,453,NA,142,604,328,0.010372363,-0.008077913,-0.003891747,0.018122129
74,Cape Crozier,Crozier,CROZ,2009,4,613.6491213,126.8656573,394.0100561,424.0347534,603.0160385,836.426344,888.8707727,-0.1925,0.80892032,0.67075,-0.468333333,0.257166667,-0.197416667,0.188583333,0.166666667,0.712195354,1.116666667,0.283333333,-0.033333333,-0.166666667,-0.158333333,26/12/2009,13/03/2009,288,253,281,255,277,305,0,1,0,1,0,0,1.01503102,0.039097525,1.018378655,0.023869565,1.574532131,0.401801124,0.881870756,0.106195346,0.976504267,0.940980831,1.067133816,1.045190117,1.016187642,1.036260685,0.922051761,0.992538911,1.01226247,1.031285439,1.225773077,0.597416826,1.456694522,2.194826584,2.328699804,1.140061214,1.067436131,0.93907048,1.010124461,0.962677767,0.903371692,0.106438547,1.051735701,0.898022993,1.028605531,0.717126634,1.575157059,2009,255.3333333,-66.33333333,-7.596008433,227.6666667,-68.66666667,-7.480122867,256.4166667,-66.83333333,-7.070211,249.9166667,-69.91666667,-8.5232341,0.048823538,79,785,453,NA,142,604,328,0.035413334,0.146752889,0.065664464,0.068879566
75,Cape Crozier,Crozier,CROZ,2010,4,736.9194732,123.8047259,526.4964835,555.2737818,725.3916847,956.5319924,1013.925785,0.786416667,0.986471866,-0.1925,0.67075,-0.468333333,0.257166667,-0.197416667,0.9,1.12989675,0.166666667,1.116666667,0.283333333,-0.033333333,-0.166666667,30/12/2010,7/03/2010,298,288,253,281,255,277,0,0,1,0,1,0,1.00466627,0.018788767,1.03785648,0.028557344,0.649709001,0.440331948,0.86051805,0.193715383,1.01503102,0.976504267,0.940980831,1.067133816,1.045190117,1.018378655,1.036260685,0.922051761,0.992538911,1.01226247,1.574532131,1.225773077,0.597416826,1.456694522,2.194826584,0.881870756,1.140061214,1.067436131,0.93907048,1.010124461,0.879861115,0.269952316,0.903371692,1.051735701,0.898022993,1.028605531,0.717126634,2010,244.25,-69.25,-9.017639133,233.0833333,-72.5,-11.072754,235.6666667,-65.41666667,-7.388753167,262.5833333,-67.83333333,-10.5194295,0.200880842,79,785,453,NA,142,604,328,0.010995305,0.100610546,0.046295233,0.052513254
76,Cape Crozier,Crozier,CROZ,2011,4,812.2627284,138.0746899,576.4105773,606.2052071,800.3628868,1057.969954,1114.769913,-0.054666667,1.158141063,0.786416667,-0.1925,0.67075,-0.468333333,0.257166667,1.375,0.748470663,0.9,0.166666667,1.116666667,0.283333333,-0.033333333,10/01/2012,15/03/2011,301,298,288,253,281,255,0,0,0,1,0,1,1.023742794,0.005680342,1.020707933,0.018867945,0.574743303,0.422230048,1.090477694,0.141213656,1.00466627,1.01503102,0.976504267,0.940980831,1.067133816,1.03785648,1.018378655,1.036260685,0.922051761,0.992538911,0.649709001,1.574532131,1.225773077,0.597416826,1.456694522,0.86051805,0.881870756,1.140061214,1.067436131,0.93907048,0.256484147,0.073054344,0.879861115,0.903371692,1.051735701,0.898022993,1.028605531,2011,250.75,-68.16666667,-5.972208733,205.5833333,-68.41666667,-9.646097667,250.5833333,-63.5,-5.743937167,232.75,-67.16666667,-7.549865567,0.102240825,79,785,453,NA,142,604,328,-0.192803815,-0.138726923,-0.07008425,-0.025848754
77,Cape Crozier,Crozier,CROZ,2012,4,890.5481996,154.940947,630.8393736,663.5669822,875.6012905,1166.706689,1235.833994,0.133166667,0.854832131,-0.054666667,0.786416667,-0.1925,0.67075,-0.468333333,0.2,0.44907312,1.375,0.9,0.166666667,1.116666667,0.283333333,26/12/2012,20/03/2012,281,301,298,288,253,281,0,0,0,0,1,0,0.975868651,0.051811413,1.027168264,0.039181227,1.205764142,0.430628455,1.016196958,0.111262181,1.023742794,1.00466627,1.01503102,0.976504267,0.940980831,1.020707933,1.03785648,1.018378655,1.036260685,0.922051761,0.574743303,0.649709001,1.574532131,1.225773077,0.597416826,1.090477694,0.86051805,0.881870756,1.140061214,1.067436131,0.697991983,0.093119611,0.256484147,0.879861115,0.903371692,1.051735701,0.898022993,2012,243.4166667,-69.41666667,-10.04831967,231.9166667,-69.33333333,-10.23168933,239.4166667,-70.41666667,-6.6299845,204.1666667,-69.91666667,-6.677490333,0.096379495,79,785,453,NA,142,604,328,-0.026842411,-0.017797393,0.031672968,0.021555073
78,Cape Crozier,Crozier,CROZ,2013,4,873.954539,178.26796,578.9395045,616.0212959,855.6965088,1193.254085,1272.204534,0.031666667,0.880367663,0.133166667,-0.054666667,0.786416667,-0.1925,0.67075,0.45,0.327871926,0.2,1.375,0.9,0.166666667,1.116666667,29/12/2013,9/03/2013,295,281,301,298,288,253,0,0,0,0,0,1,1.036738237,0.069619596,1.006144837,0.050648188,0.958652174,0.323052632,0.920950364,0.164895559,0.975868651,1.023742794,1.00466627,1.01503102,0.976504267,1.027168264,1.020707933,1.03785648,1.018378655,1.036260685,1.205764142,0.574743303,0.649709001,1.574532131,1.225773077,1.016196958,1.090477694,0.86051805,0.881870756,1.140061214,0.996274554,0.144129941,0.697991983,0.256484147,0.879861115,0.903371692,1.051735701,2013,250.8333333,-67.25,-10.45792667,237.0833333,-71.58333333,-8.022603133,236.0833333,-67.58333333,-6.163492833,230,-72.5,-5.946105933,-0.018633085,79,785,453,NA,142,604,328,0.078619492,-0.000673559,0.03086598,0.022115283
79,Cape Crozier,Crozier,CROZ,2014,4,897.9495026,179.2418549,603.1942724,639.453708,879.3242877,1216.419378,1295.038177,0.079083333,0.666503996,0.031666667,0.133166667,-0.054666667,0.786416667,-0.1925,-0.175,0.467484403,0.45,0.2,1.375,0.9,0.166666667,10/01/2015,6/03/2014,310,295,281,301,298,288,0,0,0,0,0,0,1.037417615,0.021301751,0.993996176,0.101440098,0.487037346,0.438984602,1.09927726,0.071660879,1.036738237,0.975868651,1.023742794,1.00466627,1.01503102,1.006144837,1.027168264,1.020707933,1.03785648,1.018378655,0.958652174,1.205764142,0.574743303,0.649709001,1.574532131,0.920950364,1.016196958,1.090477694,0.86051805,0.881870756,0.892611417,0.114125737,0.996274554,0.697991983,0.256484147,0.879861115,0.903371692,2014,242.8333333,-70.66666667,-8.439758333,212.3333333,-72.66666667,-11.607849,224.5,-72.5,-6.1402588,230.6666667,-69.75,-7.7219035,0.02745562,79,785,453,NA,142,604,328,0.005843794,-0.083853487,-0.029832854,-0.016611293
80,Cape Crozier,Crozier,CROZ,2015,4,978.3664469,194.6474469,655.4973116,695.6595193,958.8402167,1326.185762,1414.2123,0.714083333,0.492051735,0.079083333,0.031666667,0.133166667,-0.054666667,0.786416667,-0.833333333,0.438431548,-0.175,0.45,0.2,1.375,0.9,13/01/2016,12/03/2015,307,310,295,281,301,298,0,0,0,0,0,0,1.023038353,0.041054579,1.022256814,0.006116659,0.796143611,0.458954411,0.948946314,0.048482393,1.037417615,1.036738237,0.975868651,1.023742794,1.00466627,0.993996176,1.006144837,1.027168264,1.020707933,1.03785648,0.487037346,0.958652174,1.205764142,0.574743303,0.649709001,1.09927726,0.920950364,1.016196958,1.090477694,0.86051805,0.70740588,0.127654638,0.892611417,0.996274554,0.697991983,0.256484147,0.879861115,2015,211,-72.75,-7.4763182,227.9166667,-74.5,-10.87288417,247.4166667,-70.66666667,-6.5680135,224,-70.25,-8.371236167,0.089556199,79,785,453,NA,142,604,328,-0.081585116,-0.090136177,-0.094392355,-0.065857651
81,Cape Crozier,Crozier,CROZ,2016,4,1078.029238,227.9356719,694.4013947,743.7352626,1058.184024,1486.117092,1583.248637,0.566833333,1.257792632,0.714083333,0.079083333,0.031666667,0.133166667,-0.054666667,-0.141666667,0.774013709,-0.833333333,-0.175,0.45,0.2,1.375,18/01/2017,7/03/2016,317,307,310,295,281,301,0,0,0,0,0,0,1.064395772,0.03615638,1.041204935,0.039307401,0.484042572,0.394722196,1.120650836,0.074404646,1.023038353,1.037417615,1.036738237,0.975868651,1.023742794,1.022256814,0.993996176,1.006144837,1.027168264,1.020707933,0.796143611,0.487037346,0.958652174,1.205764142,0.574743303,0.948946314,1.09927726,0.920950364,1.016196958,1.090477694,0.639177897,0.257059806,0.70740588,0.892611417,0.996274554,0.697991983,0.256484147,2016,220,-70.41666667,-9.860087,223.5,-72.5,-9.331746433,220.9166667,-70.41666667,-8.303690667,224.3333333,-72.66666667,-7.3230795,0.101866526,79,785,453,NA,142,604,328,-0.022587746,-0.027343248,-0.048444435,-0.035326494
82,Cape Crozier,Crozier,CROZ,2017,4,1263.069113,225.9258963,882.9229094,933.3469632,1241.752287,1662.669967,1765.734449,0.446,0.650038204,0.566833333,0.714083333,0.079083333,0.031666667,0.133166667,0.383333333,0.260874597,-0.141666667,-0.833333333,-0.175,0.45,0.2,13/01/2018,19/03/2017,300,317,307,310,295,281,0,0,0,0,0,0,0.969023551,0.043837054,1.023634467,0.051942448,1.279809878,0.519751851,1.133741159,0.103528736,1.064395772,1.023038353,1.037417615,1.036738237,0.975868651,1.041204935,1.022256814,0.993996176,1.006144837,1.027168264,0.484042572,0.796143611,0.487037346,0.958652174,1.205764142,1.120650836,0.948946314,1.09927726,0.920950364,1.016196958,0.163005138,0.237814154,0.639177897,0.70740588,0.892611417,0.996274554,0.697991983,2017,223.1666667,-70.33333333,-9.597391667,229.3333333,-73.66666667,-11.2891235,217.25,-64.33333333,-8.367289,236,-70.58333333,-8.318725667,0.171646435,79,785,453,NA,142,604,328,-0.218126277,-0.124949104,-0.074479501,-0.041074702
83,Cape Crozier,Crozier,CROZ,2018,4,1537.861586,202.699016,1172.001772,1223.810682,1528.179764,1885.501551,1965.912921,0.42875,0.730429112,0.446,0.566833333,0.714083333,0.079083333,0.031666667,0.208333333,0.354632047,0.383333333,-0.141666667,-0.833333333,-0.175,0.45,6/12/2018,15/03/2018,266,300,317,307,310,295,1,0,0,0,0,0,0.974947624,0.034813458,0.994915322,0.014543367,1.448420274,0.387674305,0.926309433,0.120772958,0.969023551,1.064395772,1.023038353,1.037417615,1.036738237,1.023634467,1.041204935,1.022256814,0.993996176,1.006144837,1.279809878,0.484042572,0.796143611,0.487037346,0.958652174,1.133741159,1.120650836,0.948946314,1.09927726,0.920950364,0.260521203,0.157182787,0.163005138,0.639177897,0.70740588,0.892611417,0.996274554,2018,224.75,-68.66666667,-9.419861,232.4166667,-72.75,-8.543803,264.0833333,-67.08333333,-8.268859867,253.3333333,-68.91666667,-9.017110167,0.217559332,79,785,453,NA,142,604,328,-0.201985177,-0.091805106,-0.034453908,-0.0007986
84,Cape Crozier,Crozier,CROZ,2019,4,1460.904117,251.3328749,1036.094789,1092.665153,1437.277633,1907.267471,2024.35045,-0.1645,0.959004301,0.42875,0.446,0.566833333,0.714083333,0.079083333,-0.45,0.193649167,0.208333333,0.383333333,-0.141666667,-0.833333333,-0.175,22/12/2019,24/03/2019,273,266,300,317,307,310,0,1,0,0,0,0,0.966372548,0.049227941,0.94787371,0.025987448,0.399732507,0.330688267,0.830486458,0.122771268,0.974947624,0.969023551,1.064395772,1.023038353,1.037417615,0.994915322,1.023634467,1.041204935,1.022256814,0.993996176,1.448420274,1.279809878,0.484042572,0.796143611,0.487037346,0.926309433,1.133741159,1.120650836,0.948946314,1.09927726,0.537867819,0.042914649,0.260521203,0.163005138,0.639177897,0.70740588,0.892611417,2019,212.3333333,-71.16666667,-11.1125285,209.5833333,-72.33333333,-12.02191167,207.3333333,-68.66666667,-5.275268567,251.6666667,-68.75,-6.814595667,-0.05004187,79,785,453,NA,142,604,328,-0.13297058,-0.066062888,-0.068903505,-0.024901581
85,Cape Crozier,Crozier,CROZ,2020,4,1514.523658,245.9154471,1106.433864,1158.247357,1489.57165,1950.674361,2074.119382,0.427416667,0.762780818,-0.1645,0.42875,0.446,0.566833333,0.714083333,0.45,0.487339717,-0.45,0.208333333,0.383333333,-0.141666667,-0.833333333,29/12/2020,14/03/2020,290,273,266,300,317,307,0,0,1,0,0,0,1.010493922,0.03237107,0.975561692,0.030548156,0.375012279,0.360889054,0.884143071,0.118077868,0.966372548,0.974947624,0.969023551,1.064395772,1.023038353,0.94787371,0.994915322,1.023634467,1.041204935,1.022256814,0.399732507,1.448420274,1.279809878,0.484042572,0.796143611,0.830486458,0.926309433,1.133741159,1.120650836,0.948946314,0.43767777,0.23825314,0.537867819,0.260521203,0.163005138,0.639177897,0.70740588,2020,212.1666667,-74.25,-9.6526488,199,-69.75,-10.28902167,256.8333333,-68.83333333,-7.724507467,236.75,-71.5,-9.598205667,0.036702984,79,785,453,NA,142,604,328,-0.167026838,-0.058861081,-0.06141403,-0.037264829
86,Cape Crozier,Crozier,CROZ,2021,4,1312.335204,266.6406182,879.5831142,933.5445983,1281.776211,1797.429913,1920.313318,0.781083333,0.730269865,0.427416667,-0.1645,0.42875,0.446,0.566833333,0.883333333,0.348409083,0.45,-0.45,0.208333333,0.383333333,-0.141666667,6/01/2022,24/03/2021,288,290,273,266,300,317,0,0,0,1,0,0,1.041841335,0.01212869,1.004868977,0.066208478,0.280509423,0.367172069,0.821257977,0.091802561,1.010493922,0.966372548,0.974947624,0.969023551,1.064395772,0.975561692,0.94787371,0.994915322,1.023634467,1.041204935,0.375012279,0.399732507,1.448420274,1.279809878,0.484042572,0.884143071,0.830486458,0.926309433,1.133741159,1.120650836,0.703621309,0.584315242,0.43767777,0.537867819,0.260521203,0.163005138,0.639177897,2021,199.5,-70.58333333,-7.367818333,248.1666667,-69.91666667,-9.370544667,253.5,-70.41666667,-10.208822,253.4166667,-70.25,-10.31890867,-0.1334997,79,785,453,NA,142,604,328,-0.140635366,-0.129235683,-0.110968522,-0.079338537
87,Cape Crozier,Crozier,CROZ,2022,4,1250.607714,278.078703,824.639081,873.4270962,1211.158287,1756.031686,1901.14754,0.681083333,0.690122267,0.781083333,0.427416667,-0.1645,0.42875,0.446,1.308333333,0.189113429,0.883333333,0.45,-0.45,0.208333333,0.383333333,11/01/2023,25/02/2022,320,288,290,273,266,300,0,0,0,0,1,0,0.982958937,0.026207662,0.990360003,0.036158877,0.480665629,0.278123361,1.322177068,0.358032326,1.041841335,1.010493922,0.966372548,0.974947624,0.969023551,1.004868977,0.975561692,0.94787371,0.994915322,1.023634467,0.280509423,0.375012279,0.399732507,1.448420274,1.279809878,0.821257977,0.884143071,0.830486458,0.926309433,1.133741159,0.16627639,0.138342008,0.703621309,0.43767777,0.537867819,0.260521203,0.163005138,2022,233.0833333,-70.33333333,-8.8834635,220.75,-72,-11.44244367,230.4166667,-70.66666667,-8.930318167,257.25,-70,-9.564412333,-0.047036374,79,785,453,NA,142,604,328,-0.114861556,-0.086904448,-0.093406998,-0.11166268
88,Cape Crozier,Crozier,CROZ,2023,4,1245.386283,320.5921642,772.9944497,825.1280971,1196.373661,1832.711988,2017.237733,0.244083333,1.019156797,0.681083333,0.781083333,0.427416667,-0.1645,0.42875,-0.091666667,0.743256723,1.308333333,0.883333333,0.45,-0.45,0.208333333,31/12/2023,14/02/2023,321,320,288,290,273,266,0,0,0,0,0,1,1.030195327,0.044744994,1.029758582,0.118575991,1.944187695,0.678222968,0.937640296,0.072544616,0.982958937,1.041841335,1.010493922,0.966372548,0.974947624,0.990360003,1.004868977,0.975561692,0.94787371,0.994915322,0.480665629,0.280509423,0.375012279,0.399732507,1.448420274,1.322177068,0.821257977,0.884143071,0.830486458,0.926309433,0.248603885,0.143956843,0.16627639,0.703621309,0.43767777,0.537867819,0.260521203,2023,257.75,-68.33333333,-8.068359333,216.8333333,-70.91666667,-13.14676917,273.75,-68.33333333,-10.58652767,232.5833333,-70.25,-7.989013667,-0.004175115,79,785,453,NA,142,604,328,-0.075138136,-0.026778451,-0.047301341,-0.047803562
89,Cape Crozier,Crozier,CROZ,2024,4,1332.62773,273.4039486,644.1661473,726.0862289,1263.596034,2197.823149,2452.636028,0.00225,0.914392706,0.244083333,0.681083333,0.781083333,0.427416667,-0.1645,0.108333333,0.340240928,-0.091666667,1.308333333,0.883333333,0.45,-0.45,31/12/2024,1/04/2024,275,321,320,288,290,273,0,0,0,0,0,0,1.02130699,0.033441818,1.00159089,0.045678461,0.544919839,0.514497367,0.941772917,0.138674696,1.030195327,0.982958937,1.041841335,1.010493922,0.966372548,1.029758582,0.990360003,1.004868977,0.975561692,0.94787371,1.944187695,0.480665629,0.280509423,0.375012279,0.399732507,0.937640296,1.322177068,0.821257977,0.884143071,0.830486458,0.297513406,0.166700425,0.248603885,0.16627639,0.703621309,0.43767777,0.537867819,2024,195.75,-72.25,-13.1242675,NA,NA,NA,217,-72,-7.672546333,NA,NA,NA,0.070051717,79,785,453,NA,142,604,328,-0.077958075,-0.037431987,-0.023331706,-0.019843902
90,Franklin Island,Franklin,FRAN,2001,5,3374.231965,783.3825825,2124.623875,2275.300082,3280.268745,4805.207977,5174.949569,0.353166667,0.78628142,-0.120416667,0.631833333,0.778583333,-0.060583333,-0.193583333,0.291666667,0.487268464,0.883333333,0.808333333,0.025,-0.775,0.625,13/12/2001,11/04/2001,246,NA,NA,NA,NA,NA,1,NA,NA,NA,NA,NA,0.976808752,0.041694123,0.991387449,0.044724304,1.898640041,0.764861146,0.851436017,0.120300648,0.997539557,1.031463205,1.010920509,1.015273969,0.998964056,0.977462075,1.001946155,0.991289681,1.009869424,0.96996928,0.783410911,0.610426865,1.049071874,0.766701338,0.535046278,1.058822483,0.907635851,0.967337383,0.868080722,0.881732443,1.654221659,0.244543785,1.225973904,1.512614439,1.977582604,0.763742281,1.183330772,2001,220.1666667,-71.58333333,-7.894409,238.0833333,-70,-14.47422267,274.1666667,-63.83333333,-5.537760433,271.8333333,-69.5,-9.586120667,NA,91,851,314,142,NA,467,189,0.06670251,0.06670251,0.06670251,0.06670251
91,Franklin Island,Franklin,FRAN,2002,5,3605.534507,707.663419,2455.861541,2599.061606,3526.899555,4874.007756,5208.302971,-0.60175,1.311886182,0.353166667,-0.120416667,0.631833333,0.778583333,-0.060583333,-0.35,0.390512484,0.291666667,0.883333333,0.808333333,0.025,-0.775,NA,11/04/2002,365,246,NA,NA,NA,NA,0,1,NA,NA,NA,NA,0.977095512,0.050045648,1.003726727,0.017383709,1.10781346,0.277208224,1.473383544,0.545144117,0.976808752,0.997539557,1.031463205,1.010920509,1.015273969,0.991387449,0.977462075,1.001946155,0.991289681,1.009869424,1.898640041,0.783410911,0.610426865,1.049071874,0.766701338,0.851436017,1.058822483,0.907635851,0.967337383,0.868080722,1.155295755,0.072909674,1.654221659,1.225973904,1.512614439,1.977582604,0.763742281,2002,192.75,-66.83333333,-11.60162333,222.8333333,-71.58333333,-8.989217,220.8333333,-68,-8.344177333,252.75,-68.08333333,-4.6062622,0.068549686,91,851,314,142,NA,467,189,-0.016926985,-0.016926985,-0.016926985,-0.016926985
92,Franklin Island,Franklin,FRAN,2003,5,3483.292867,675.5822453,2346.832986,2497.555703,3418.196537,4698.152421,5009.106717,-0.223083333,0.625247212,-0.60175,0.353166667,-0.120416667,0.631833333,0.778583333,-0.183333333,0.247767812,-0.35,0.291666667,0.883333333,0.808333333,0.025,9/01/2004,NA,365,365,246,NA,NA,NA,0,0,1,NA,NA,NA,1.011078377,0.076499848,0.996163207,0.051855278,3.418501081,2.180591794,1.013579046,0.031445065,0.977095512,0.976808752,0.997539557,1.031463205,1.010920509,1.003726727,0.991387449,0.977462075,1.001946155,0.991289681,1.10781346,1.898640041,0.783410911,0.610426865,1.049071874,1.473383544,0.851436017,1.058822483,0.907635851,0.967337383,1.374468399,0.147785233,1.155295755,1.654221659,1.225973904,1.512614439,1.977582604,2003,204.9166667,-69.25,-9.6838784,239.25,-70.83333333,-8.449666433,239.5833333,-65.5,-6.5290732,214.3333333,-70.75,-6.9757486,-0.033903889,91,851,314,142,NA,467,189,-0.120929478,-0.137384436,-0.137384436,-0.137384436
93,Franklin Island,Franklin,FRAN,2004,5,4149.776685,718.1210627,2935.286775,3102.36727,4083.611762,5421.903746,5740.437174,0.188583333,0.748328633,-0.223083333,-0.60175,0.353166667,-0.120416667,0.631833333,-0.158333333,0.281242284,-0.183333333,-0.35,0.291666667,0.883333333,0.808333333,25/12/2004,10/03/2004,290,365,365,246,NA,NA,0,0,0,1,NA,NA,1.021477283,0.049066538,1.02437573,0.024419293,1.935767687,0.767118076,0.813857615,0.140677289,1.011078377,0.977095512,0.976808752,0.997539557,1.031463205,0.996163207,1.003726727,0.991387449,0.977462075,1.001946155,3.418501081,1.10781346,1.898640041,0.783410911,0.610426865,1.013579046,1.473383544,0.851436017,1.058822483,0.907635851,1.575157059,0.262081773,1.374468399,1.155295755,1.654221659,1.225973904,1.512614439,2004,224,-72.83333333,-8.569987,248.9166667,-73.41666667,-10.72039767,260.8333333,-64.25,-6.524943067,231.0833333,-69.83333333,-7.463012767,0.19133729,91,851,314,142,NA,467,189,-0.019813825,-0.060778396,-0.060778396,-0.060778397
94,Franklin Island,Franklin,FRAN,2005,5,4326.909172,673.140112,3178.550814,3329.082929,4266.755786,5521.15398,5803.015221,-0.197416667,0.802264863,0.188583333,-0.223083333,-0.60175,0.353166667,-0.120416667,-0.166666667,0.576387216,-0.158333333,-0.183333333,-0.35,0.291666667,0.883333333,4/01/2006,25/03/2005,285,290,365,365,246,NA,0,0,0,0,1,NA,1.027203738,0.041151895,1.017922104,0.012299459,1.686922848,0.86006485,0.917524223,0.112077285,1.021477283,1.011078377,0.977095512,0.976808752,0.997539557,1.02437573,0.996163207,1.003726727,0.991387449,0.977462075,1.935767687,3.418501081,1.10781346,1.898640041,0.783410911,0.813857615,1.013579046,1.473383544,0.851436017,1.058822483,0.717126634,0.15833497,1.575157059,1.374468399,1.155295755,1.654221659,1.225973904,2005,191.25,-70.58333333,-7.984069667,214.8333333,-72.75,-12.70544433,242.1666667,-68.41666667,-6.656351767,222.8333333,-69.83333333,-9.197407867,0.042684824,91,851,314,142,NA,467,189,0.078962995,0.046575237,0.035067294,0.035067294
95,Franklin Island,Franklin,FRAN,2006,5,4940.479145,837.8287655,3527.13459,3719.395365,4860.82398,6427.969434,6793.053183,0.257166667,0.808554454,-0.197416667,0.188583333,-0.223083333,-0.60175,0.353166667,-0.033333333,0.715697018,-0.166666667,-0.158333333,-0.183333333,-0.35,0.291666667,31/12/2006,9/04/2006,266,285,290,365,365,246,0,0,0,0,0,1,1.052756235,0.036143272,0.998931474,0.060700057,1.242152757,0.393355163,1.026163401,0.021231394,1.027203738,1.021477283,1.011078377,0.977095512,0.976808752,1.017922104,1.02437573,0.996163207,1.003726727,0.991387449,1.686922848,1.935767687,3.418501081,1.10781346,1.898640041,0.917524223,0.813857615,1.013579046,1.473383544,0.851436017,1.028605531,0.136364318,0.717126634,1.575157059,1.374468399,1.155295755,1.654221659,2006,239.3333333,-70.5,-10.987732,209.4166667,-69.91666667,-10.09409567,232.3333333,-66.25,-7.4467162,225.3333333,-68.16666667,-7.457804533,0.141803294,91,851,314,142,NA,467,189,0.022574278,0.026409071,-0.001890089,-0.006594989
96,Franklin Island,Franklin,FRAN,2007,5,4797.170404,827.2576734,3376.505259,3568.619667,4733.4297,6254.213769,6631.735635,-0.468333333,1.016480557,0.257166667,-0.197416667,0.188583333,-0.223083333,-0.60175,0.283333333,0.52254718,-0.033333333,-0.166666667,-0.158333333,-0.183333333,-0.35,3/01/2008,17/03/2007,292,266,285,290,365,365,0,0,0,0,0,0,0.950933859,0.057370462,0.930303087,0.006355202,0.653583152,0.375794174,1.145738245,0.126784645,1.052756235,1.027203738,1.021477283,1.011078377,0.977095512,0.998931474,1.017922104,1.02437573,0.996163207,1.003726727,1.242152757,1.686922848,1.935767687,3.418501081,1.10781346,1.026163401,0.917524223,0.813857615,1.013579046,1.473383544,0.898022993,0.118147828,1.028605531,0.717126634,1.575157059,1.374468399,1.155295755,2007,212.9166667,-72,-9.797038,213.5833333,-70.16666667,-7.854533067,221,-69.33333333,-5.7262574,237.6666667,-71.83333333,-5.4139201,-0.029007053,91,851,314,142,NA,467,189,-0.079270272,0.011578422,-0.012496913,-0.004971969
97,Franklin Island,Franklin,FRAN,2008,5,4669.910162,867.9524005,3161.357827,3368.74203,4606.739431,6196.033025,6560.604815,0.67075,0.725668327,-0.468333333,0.257166667,-0.197416667,0.188583333,-0.223083333,1.116666667,0.536708073,0.283333333,-0.033333333,-0.166666667,-0.158333333,-0.183333333,23/01/2009,17/03/2008,312,292,266,285,290,365,0,0,0,0,0,0,0.984101295,0.009734645,1.023648992,0.036783344,1.491439619,0.243219846,1.099247168,0.059133601,0.950933859,1.052756235,1.027203738,1.021477283,1.011078377,0.930303087,0.998931474,1.017922104,1.02437573,0.996163207,0.653583152,1.242152757,1.686922848,1.935767687,3.418501081,1.145738245,1.026163401,0.917524223,0.813857615,1.013579046,1.051735701,0.118454319,0.898022993,1.028605531,0.717126634,1.575157059,1.374468399,2008,228.9166667,-71.08333333,-6.748860533,244.5,-72.33333333,-12.95788567,233.8333333,-68.91666667,-6.486592667,265.3333333,-69.58333333,-7.512064533,-0.026528189,91,851,314,142,NA,467,189,0.010372363,0.038097229,0.037849875,0.038557634
98,Franklin Island,Franklin,FRAN,2009,5,5875.178686,937.8951266,4299.818808,4508.395583,5778.175758,7544.450924,7960.797723,-0.1925,0.80892032,0.67075,-0.468333333,0.257166667,-0.197416667,0.188583333,0.166666667,0.712195354,1.116666667,0.283333333,-0.033333333,-0.166666667,-0.158333333,4/01/2010,13/03/2009,297,312,292,266,285,290,0,0,0,0,0,0,1.012869046,0.027900998,1.00107416,0.025168281,1.575265005,0.288780541,0.945637465,0.043601418,0.984101295,0.950933859,1.052756235,1.027203738,1.021477283,1.023648992,0.930303087,0.998931474,1.017922104,1.02437573,1.491439619,0.653583152,1.242152757,1.686922848,1.935767687,1.099247168,1.145738245,1.026163401,0.917524223,0.813857615,0.903371692,0.106438547,1.051735701,0.898022993,1.028605531,0.717126634,1.575157059,2009,255.3333333,-66.33333333,-7.596008433,227.6666667,-68.66666667,-7.480122867,256.4166667,-66.83333333,-7.070211,249.9166667,-69.91666667,-8.5232341,0.258092443,91,851,314,142,NA,467,189,0.035413334,0.035618163,0.027189349,0.034001415
99,Franklin Island,Franklin,FRAN,2010,5,6992.789177,980.1032025,5332.571385,5551.592425,6901.027758,8740.755773,9185.178134,0.786416667,0.986471866,-0.1925,0.67075,-0.468333333,0.257166667,-0.197416667,0.9,1.12989675,0.166666667,1.116666667,0.283333333,-0.033333333,-0.166666667,7/12/2010,24/03/2010,258,297,312,292,266,285,1,0,0,0,0,0,0.989190985,0.011526609,1.012779773,0.031846627,0.751046304,0.416892862,0.836598043,0.183346163,1.012869046,0.984101295,0.950933859,1.052756235,1.027203738,1.00107416,1.023648992,0.930303087,0.998931474,1.017922104,1.575265005,1.491439619,0.653583152,1.242152757,1.686922848,0.945637465,1.099247168,1.145738245,1.026163401,0.917524223,0.879861115,0.269952316,0.903371692,1.051735701,0.898022993,1.028605531,0.717126634,2010,244.25,-69.25,-9.017639133,233.0833333,-72.5,-11.072754,235.6666667,-65.41666667,-7.388753167,262.5833333,-67.83333333,-10.5194295,0.190225787,91,851,314,142,NA,467,189,0.010995305,0.082991059,0.040342249,0.054289097
100,Franklin Island,Franklin,FRAN,2011,5,6400.849358,961.0402639,4775.846375,4989.816065,6312.462894,8126.538601,8555.531583,-0.054666667,1.158141063,0.786416667,-0.1925,0.67075,-0.468333333,0.257166667,1.375,0.748470663,0.9,0.166666667,1.116666667,0.283333333,-0.033333333,25/01/2012,11/04/2011,289,258,297,312,292,266,0,1,0,0,0,0,1.021756951,0.004616973,1.024680384,0.00983739,0.483735693,0.413942706,1.106389839,0.123036418,0.989190985,1.012869046,0.984101295,0.950933859,1.052756235,1.012779773,1.00107416,1.023648992,0.930303087,0.998931474,0.751046304,1.575265005,1.491439619,0.653583152,1.242152757,0.836598043,0.945637465,1.099247168,1.145738245,1.026163401,0.256484147,0.073054344,0.879861115,0.903371692,1.051735701,0.898022993,1.028605531,2011,250.75,-68.16666667,-5.972208733,205.5833333,-68.41666667,-9.646097667,250.5833333,-63.5,-5.743937167,232.75,-67.16666667,-7.549865567,-0.084650031,91,851,314,142,NA,467,189,-0.192803815,-0.009009868,-0.022398463,0.005299722
101,Franklin Island,Franklin,FRAN,2012,5,6344.826721,1085.746598,4531.901657,4766.478229,6239.096148,8294.487461,8782.757761,0.133166667,0.854832131,-0.054666667,0.786416667,-0.1925,0.67075,-0.468333333,0.2,0.44907312,1.375,0.9,0.166666667,1.116666667,0.283333333,24/12/2012,11/04/2012,257,289,258,297,312,292,0,0,1,0,0,0,0.982482135,0.034171289,1.028764151,0.023991562,1.370168713,0.379160762,0.984082269,0.07889406,1.021756951,0.989190985,1.012869046,0.984101295,0.950933859,1.024680384,1.012779773,1.00107416,1.023648992,0.930303087,0.483735693,0.751046304,1.575265005,1.491439619,0.653583152,1.106389839,0.836598043,0.945637465,1.099247168,1.145738245,0.697991983,0.093119611,0.256484147,0.879861115,0.903371692,1.051735701,0.898022993,2012,243.4166667,-69.41666667,-10.04831967,231.9166667,-69.33333333,-10.23168933,239.4166667,-70.41666667,-6.6299845,204.1666667,-69.91666667,-6.677490333,-0.008752375,91,851,314,142,NA,467,189,-0.026842411,0.030562232,0.041338489,0.039077051
102,Franklin Island,Franklin,FRAN,2013,5,5837.452438,1073.499085,4078.457885,4309.638238,5717.831798,7768.396964,8301.822678,0.031666667,0.880367663,0.133166667,-0.054666667,0.786416667,-0.1925,0.67075,0.45,0.327871926,0.2,1.375,0.9,0.166666667,1.116666667,24/12/2013,11/04/2013,257,257,289,258,297,312,0,0,0,1,0,0,1.038051838,0.052489813,1.00027684,0.053206418,1.069703445,0.130953944,0.904478053,0.148940184,0.982482135,1.021756951,0.989190985,1.012869046,0.984101295,1.028764151,1.024680384,1.012779773,1.00107416,1.023648992,1.370168713,0.483735693,0.751046304,1.575265005,1.491439619,0.984082269,1.106389839,0.836598043,0.945637465,1.099247168,0.996274554,0.144129941,0.697991983,0.256484147,0.879861115,0.903371692,1.051735701,2013,250.8333333,-67.25,-10.45792667,237.0833333,-71.58333333,-8.022603133,236.0833333,-67.58333333,-6.163492833,230,-72.5,-5.946105933,-0.07996661,91,851,314,142,NA,467,189,0.078619492,0.03156217,0.034872335,0.032337537
103,Franklin Island,Franklin,FRAN,2014,5,4824.358086,1014.187605,3161.715165,3361.580155,4713.813557,6637.060833,7097.446637,0.079083333,0.666503996,0.031666667,0.133166667,-0.054666667,0.786416667,-0.1925,-0.175,0.467484403,0.45,0.2,1.375,0.9,0.166666667,12/12/2014,11/04/2014,245,257,257,289,258,297,1,0,0,0,1,0,1.026222221,0.028057607,0.999216013,0.070904281,0.459484634,0.465834279,1.1528008,0.143626036,1.038051838,0.982482135,1.021756951,0.989190985,1.012869046,1.00027684,1.028764151,1.024680384,1.012779773,1.00107416,1.069703445,1.370168713,0.483735693,0.751046304,1.575265005,0.904478053,0.984082269,1.106389839,0.836598043,0.945637465,0.892611417,0.114125737,0.996274554,0.697991983,0.256484147,0.879861115,0.903371692,2014,242.8333333,-70.66666667,-8.439758333,212.3333333,-72.66666667,-11.607849,224.5,-72.5,-6.1402588,230.6666667,-69.75,-7.7219035,-0.173550768,91,851,314,142,NA,467,189,0.005843794,-0.011170094,0.008719056,0.016889771
104,Franklin Island,Franklin,FRAN,2015,5,4348.255507,1041.629581,2644.684121,2852.826812,4240.788269,6213.427376,6688.881711,0.714083333,0.492051735,0.079083333,0.031666667,0.133166667,-0.054666667,0.786416667,-0.833333333,0.438431548,-0.175,0.45,0.2,1.375,0.9,26/12/2015,11/04/2015,259,245,257,257,289,258,0,1,0,0,0,1,1.023400019,0.042671518,1.020812457,0.007802489,0.949879679,0.474409138,0.954375236,0.064460262,1.026222221,1.038051838,0.982482135,1.021756951,0.989190985,0.999216013,1.00027684,1.028764151,1.024680384,1.012779773,0.459484634,1.069703445,1.370168713,0.483735693,0.751046304,1.1528008,0.904478053,0.984082269,1.106389839,0.836598043,0.70740588,0.127654638,0.892611417,0.996274554,0.697991983,0.256484147,0.879861115,2015,211,-72.75,-7.4763182,227.9166667,-74.5,-10.87288417,247.4166667,-70.66666667,-6.5680135,224,-70.25,-8.371236167,-0.098687239,91,851,314,142,NA,467,189,-0.081585116,-0.003439025,-0.048878146,-0.034483744
105,Franklin Island,Franklin,FRAN,2016,5,4208.681942,959.148815,2657.221087,2847.002134,4094.734818,5942.449437,6402.316347,0.566833333,1.257792632,0.714083333,0.079083333,0.031666667,0.133166667,-0.054666667,-0.141666667,0.774013709,-0.833333333,-0.175,0.45,0.2,1.375,21/12/2016,11/04/2016,254,259,245,257,257,289,0,0,1,0,0,0,1.050144325,0.021784838,1.026501175,0.032357653,0.504219464,0.379154683,1.014114155,0.073628841,1.023400019,1.026222221,1.038051838,0.982482135,1.021756951,1.020812457,0.999216013,1.00027684,1.028764151,1.024680384,0.949879679,0.459484634,1.069703445,1.370168713,0.483735693,0.954375236,1.1528008,0.904478053,0.984082269,1.106389839,0.639177897,0.257059806,0.70740588,0.892611417,0.996274554,0.697991983,0.256484147,2016,220,-70.41666667,-9.860087,223.5,-72.5,-9.331746433,220.9166667,-70.41666667,-8.303690667,224.3333333,-72.66666667,-7.3230795,-0.03209875,91,851,314,142,NA,467,189,-0.022587746,0.023666331,-0.032559739,-0.012998948
106,Franklin Island,Franklin,FRAN,2017,5,4074.963992,927.4745922,2562.848544,2747.851472,3979.463828,5754.348024,6173.560152,0.446,0.650038204,0.566833333,0.714083333,0.079083333,0.031666667,0.133166667,0.383333333,0.260874597,-0.141666667,-0.833333333,-0.175,0.45,0.2,12/01/2018,11/04/2017,276,254,259,245,257,257,0,0,0,1,0,0,0.960057654,0.035607306,1.022079392,0.035316364,1.119522139,0.411518403,1.164546516,0.11543086,1.050144325,1.023400019,1.026222221,1.038051838,0.982482135,1.026501175,1.020812457,0.999216013,1.00027684,1.028764151,0.504219464,0.949879679,0.459484634,1.069703445,1.370168713,1.014114155,0.954375236,1.1528008,0.904478053,0.984082269,0.163005138,0.237814154,0.639177897,0.70740588,0.892611417,0.996274554,0.697991983,2017,223.1666667,-70.33333333,-9.597391667,229.3333333,-73.66666667,-11.2891235,217.25,-64.33333333,-8.367289,236,-70.58333333,-8.318725667,-0.03177193,91,851,314,142,NA,467,189,-0.218126277,0.004315231,-0.027486938,-0.007171642
107,Franklin Island,Franklin,FRAN,2018,5,4149.841315,845.8126124,2725.732622,2920.479298,4067.02291,5662.757943,6043.30981,0.42875,0.730429112,0.446,0.566833333,0.714083333,0.079083333,0.031666667,0.208333333,0.354632047,0.383333333,-0.141666667,-0.833333333,-0.175,0.45,19/12/2018,11/04/2018,252,276,254,259,245,257,0,0,0,0,1,0,0.961704908,0.03536103,0.992873099,0.012387436,1.853825738,0.7201518,0.985456763,0.072856862,0.960057654,1.050144325,1.023400019,1.026222221,1.038051838,1.022079392,1.026501175,1.020812457,0.999216013,1.00027684,1.119522139,0.504219464,0.949879679,0.459484634,1.069703445,1.164546516,1.014114155,0.954375236,1.1528008,0.904478053,0.260521203,0.157182787,0.163005138,0.639177897,0.70740588,0.892611417,0.996274554,2018,224.75,-68.66666667,-9.419861,232.4166667,-72.75,-8.543803,264.0833333,-67.08333333,-8.268859867,253.3333333,-68.91666667,-9.017110167,0.018374966,91,851,314,142,NA,467,189,-0.201985177,0.01856081,0.007972042,0.032398795
108,Franklin Island,Franklin,FRAN,2019,5,4153.347121,919.8048365,2623.252419,2823.352294,4061.038869,5796.443021,6216.328908,-0.1645,0.959004301,0.42875,0.446,0.566833333,0.714083333,0.079083333,-0.45,0.193649167,0.208333333,0.383333333,-0.141666667,-0.833333333,-0.175,18/10/2019,11/04/2019,190,252,276,254,259,245,1,0,0,0,0,1,0.971855791,0.036247881,0.960785962,0.024587919,0.525944271,0.23739661,0.856854753,0.094859483,0.961704908,0.960057654,1.050144325,1.023400019,1.026222221,0.992873099,1.022079392,1.026501175,1.020812457,0.999216013,1.853825738,1.119522139,0.504219464,0.949879679,0.459484634,0.985456763,1.164546516,1.014114155,0.954375236,1.1528008,0.537867819,0.042914649,0.260521203,0.163005138,0.639177897,0.70740588,0.892611417,2019,212.3333333,-71.16666667,-11.1125285,209.5833333,-72.33333333,-12.02191167,207.3333333,-68.66666667,-5.275268567,251.6666667,-68.75,-6.814595667,0.000844805,91,851,314,142,NA,467,189,-0.13297058,-0.067939542,-0.073783573,-0.033382694
109,Franklin Island,Franklin,FRAN,2020,5,4358.126557,852.202184,2975.969769,3146.735476,4260.314115,5904.587773,6298.129898,0.427416667,0.762780818,-0.1645,0.42875,0.446,0.566833333,0.714083333,0.45,0.487339717,-0.45,0.208333333,0.383333333,-0.141666667,-0.833333333,28/09/2020,12/04/2020,169,190,252,276,254,259,1,1,0,0,0,0,1.002554593,0.016789461,0.989374371,0.035012652,0.389873818,0.355406078,0.859988381,0.140167765,0.971855791,0.961704908,0.960057654,1.050144325,1.023400019,0.960785962,0.992873099,1.022079392,1.026501175,1.020812457,0.525944271,1.853825738,1.119522139,0.504219464,0.949879679,0.856854753,0.985456763,1.164546516,1.014114155,0.954375236,0.43767777,0.23825314,0.537867819,0.260521203,0.163005138,0.639177897,0.70740588,2020,212.1666667,-74.25,-9.6526488,199,-69.75,-10.28902167,256.8333333,-68.83333333,-7.724507467,236.75,-71.5,-9.598205667,0.049304676,91,851,314,142,NA,467,189,-0.167026838,-0.059678301,-0.05391124,-0.039365111
110,Franklin Island,Franklin,FRAN,2021,5,3844.582353,799.0438024,2578.440402,2736.090354,3745.767394,5301.003509,5707.538568,0.781083333,0.730269865,0.427416667,-0.1645,0.42875,0.446,0.566833333,0.883333333,0.348409083,0.45,-0.45,0.208333333,0.383333333,-0.141666667,4/10/2021,14/04/2021,173,169,190,252,276,254,1,1,1,0,0,0,1.037551372,0.010751681,0.999335176,0.047496204,0.260864008,0.330791285,0.805398011,0.116004896,1.002554593,0.971855791,0.961704908,0.960057654,1.050144325,0.989374371,0.960785962,0.992873099,1.022079392,1.026501175,0.389873818,0.525944271,1.853825738,1.119522139,0.504219464,0.859988381,0.856854753,0.985456763,1.164546516,1.014114155,0.703621309,0.584315242,0.43767777,0.537867819,0.260521203,0.163005138,0.639177897,2021,199.5,-70.58333333,-7.367818333,248.1666667,-69.91666667,-9.370544667,253.5,-70.41666667,-10.208822,253.4166667,-70.25,-10.31890867,-0.117836001,91,851,314,142,NA,467,189,-0.140635366,-0.141447847,-0.090470833,-0.081949153
111,Franklin Island,Franklin,FRAN,2022,5,3617.954452,818.4601917,2337.108583,2496.020493,3507.833564,5101.169568,5530.1002,0.681083333,0.690122267,0.781083333,0.427416667,-0.1645,0.42875,0.446,1.308333333,0.189113429,0.883333333,0.45,-0.45,0.208333333,0.383333333,12/09/2022,1/04/2022,164,173,169,190,252,276,1,1,1,1,0,0,0.975130476,0.025365217,0.990312319,0.028397315,0.3919896,0.275929618,1.307896036,0.38949545,1.037551372,1.002554593,0.971855791,0.961704908,0.960057654,0.999335176,0.989374371,0.960785962,0.992873099,1.022079392,0.260864008,0.389873818,0.525944271,1.853825738,1.119522139,0.805398011,0.859988381,0.856854753,0.985456763,1.164546516,0.16627639,0.138342008,0.703621309,0.43767777,0.537867819,0.260521203,0.163005138,2022,233.0833333,-70.33333333,-8.8834635,220.75,-72,-11.44244367,230.4166667,-70.66666667,-8.930318167,257.25,-70,-9.564412333,-0.058947339,91,851,314,142,NA,467,189,-0.114861556,-0.083386651,-0.088544033,-0.109677519
112,Franklin Island,Franklin,FRAN,2023,5,3696.034377,881.7770636,2392.183892,2537.370483,3560.035346,5319.384767,5819.083822,0.244083333,1.019156797,0.681083333,0.781083333,0.427416667,-0.1645,0.42875,-0.091666667,0.743256723,1.308333333,0.883333333,0.45,-0.45,0.208333333,24/12/2023,8/04/2023,260,164,173,169,190,252,0,1,1,1,1,0,1.026068207,0.041279412,1.026253456,0.086025951,2.1167981,0.782739255,1.002045,0.013192558,0.975130476,1.037551372,1.002554593,0.971855791,0.961704908,0.990312319,0.999335176,0.989374371,0.960785962,0.992873099,0.3919896,0.260864008,0.389873818,0.525944271,1.853825738,1.307896036,0.805398011,0.859988381,0.856854753,0.985456763,0.248603885,0.143956843,0.16627639,0.703621309,0.43767777,0.537867819,0.260521203,2023,257.75,-68.33333333,-8.068359333,216.8333333,-70.91666667,-13.14676917,273.75,-68.33333333,-10.58652767,232.5833333,-70.25,-7.989013667,0.021581235,91,851,314,142,NA,467,189,-0.075138136,-0.03810538,-0.039665209,-0.052096287
113,Franklin Island,Franklin,FRAN,2024,5,3707.470278,1243.310345,1857.773115,2106.281986,3536.852375,5920.576652,6636.677853,0.00225,0.914392706,0.244083333,0.681083333,0.781083333,0.427416667,-0.1645,0.108333333,0.340240928,-0.091666667,1.308333333,0.883333333,0.45,-0.45,21/12/2024,2/04/2024,263,260,164,173,169,190,0,0,1,1,1,1,1.028637323,0.02425988,1.003755199,0.033342023,0.709171997,0.418993142,0.917535377,0.131932807,1.026068207,0.975130476,1.037551372,1.002554593,0.971855791,1.026253456,0.990312319,0.999335176,0.989374371,0.960785962,2.1167981,0.3919896,0.260864008,0.389873818,0.525944271,1.002045,1.307896036,0.805398011,0.859988381,0.856854753,0.297513406,0.166700425,0.248603885,0.16627639,0.703621309,0.43767777,0.537867819,2024,195.75,-72.25,-13.1242675,NA,NA,NA,217,-72,-7.672546333,NA,NA,NA,0.0030941,91,851,314,142,NA,467,189,-0.077958075,-0.003953179,0.008872434,-0.006452379
114,Cape Roget,Roget,ROGE,2004,6,6818.244994,1856.378295,4088.240623,4398.227256,6525.462453,10205.27021,11249.67443,0.188583333,0.748328633,-0.223083333,-0.60175,0.353166667,-0.120416667,0.631833333,-0.158333333,0.281242284,-0.183333333,-0.35,0.291666667,0.883333333,0.808333333,7/12/2004,14/03/2004,268,NA,NA,NA,NA,NA,1,NA,NA,NA,NA,NA,1.099517236,0.102547092,1.009255737,0.016785645,1.344133043,1.118784676,0.951994474,0.059906574,1.074545147,0.889301857,1.038782128,0.958800968,1.066163147,1.027120632,1.022464365,1.038521781,1.007048356,1.005902281,5.165108341,0.419819762,2.419196806,0.478757234,1.012493084,0.897795446,0.716220535,1.009615052,0.905887948,0.977154081,1.575157059,0.262081773,1.374468399,1.155295755,1.654221659,1.225973904,1.512614439,2004,224,-72.83333333,-8.569987,248.9166667,-73.41666667,-10.72039767,260.8333333,-64.25,-6.524943067,231.0833333,-69.83333333,-7.463012767,NA,556,1070,155,604,467,NA,345,NA,NA,0.19133729,0.023260166
115,Cape Roget,Roget,ROGE,2005,6,6821.950468,1492.036069,4527.243761,4797.536517,6620.202544,9534.956095,10272.95655,-0.197416667,0.802264863,0.188583333,-0.223083333,-0.60175,0.353166667,-0.120416667,-0.166666667,0.576387216,-0.158333333,-0.183333333,-0.35,0.291666667,0.883333333,23/12/2005,27/03/2005,271,268,NA,NA,NA,NA,0,1,NA,NA,NA,NA,1.020789536,0.065880272,0.99021552,0.019022076,0.245186526,0.205352377,0.974411442,0.060594342,1.099517236,1.074545147,0.889301857,1.038782128,0.958800968,1.009255737,1.027120632,1.022464365,1.038521781,1.007048356,1.344133043,5.165108341,0.419819762,2.419196806,0.478757234,0.951994474,0.897795446,0.716220535,1.009615052,0.905887948,0.717126634,0.15833497,1.575157059,1.374468399,1.155295755,1.654221659,1.225973904,2005,191.25,-70.58333333,-7.984069667,214.8333333,-72.75,-12.70544433,242.1666667,-68.41666667,-6.656351767,222.8333333,-69.83333333,-9.197407867,0.000543464,556,1070,155,604,467,NA,345,NA,NA,0.012934852,0.045602634
116,Cape Roget,Roget,ROGE,2006,6,6270.045967,1370.723062,4036.385962,4313.197767,6112.580928,8727.129772,9391.011354,0.257166667,0.808554454,-0.197416667,0.188583333,-0.223083333,-0.60175,0.353166667,-0.033333333,0.715697018,-0.166666667,-0.158333333,-0.183333333,-0.35,0.291666667,4/01/2007,22/03/2006,288,271,268,NA,NA,NA,0,0,1,NA,NA,NA,1.01572491,0.010693294,1.00969948,0.02446597,0.405303246,0.177786942,0.964452669,0.100506919,1.020789536,1.099517236,1.074545147,0.889301857,1.038782128,0.99021552,1.009255737,1.027120632,1.022464365,1.038521781,0.245186526,1.344133043,5.165108341,0.419819762,2.419196806,0.974411442,0.951994474,0.897795446,0.716220535,1.009615052,1.028605531,0.136364318,0.717126634,1.575157059,1.374468399,1.155295755,1.654221659,2006,239.3333333,-70.5,-10.987732,209.4166667,-69.91666667,-10.09409567,232.3333333,-66.25,-7.4467162,225.3333333,-68.16666667,-7.457804533,-0.080901276,556,1070,155,604,467,NA,345,NA,-0.007776381,0.028890997,0.03052244
117,Cape Roget,Roget,ROGE,2007,6,6153.590051,1187.849661,4142.084968,4406.675623,6042.220871,8281.641229,8774.250507,-0.468333333,1.016480557,0.257166667,-0.197416667,0.188583333,-0.223083333,-0.60175,0.283333333,0.52254718,-0.033333333,-0.166666667,-0.158333333,-0.183333333,-0.35,25/01/2008,11/03/2007,320,288,271,268,NA,NA,0,0,0,1,NA,NA,1.066941217,0.067328991,0.985561448,0.024102922,0.907353798,0.709989315,1.178312995,0.213358784,1.01572491,1.020789536,1.099517236,1.074545147,0.889301857,1.00969948,0.99021552,1.009255737,1.027120632,1.022464365,0.405303246,0.245186526,1.344133043,5.165108341,0.419819762,0.964452669,0.974411442,0.951994474,0.897795446,0.716220535,0.898022993,0.118147828,1.028605531,0.717126634,1.575157059,1.374468399,1.155295755,2007,212.9166667,-72,-9.797038,213.5833333,-70.16666667,-7.854533067,221,-69.33333333,-5.7262574,237.6666667,-71.83333333,-5.4139201,-0.018573375,556,1070,155,604,467,NA,345,NA,-0.078646457,-0.041430765,-0.006710915
118,Cape Roget,Roget,ROGE,2008,6,6659.435651,1186.38429,4641.953838,4906.455147,6548.636297,8784.960996,9297.583126,0.67075,0.725668327,-0.468333333,0.257166667,-0.197416667,0.188583333,-0.223083333,1.116666667,0.536708073,0.283333333,-0.033333333,-0.166666667,-0.158333333,-0.183333333,12/12/2008,19/03/2008,268,320,288,271,268,NA,1,0,0,0,1,NA,1.099534052,0.093890208,1.050420045,0.013702403,2.576412893,0.848321576,1.187424011,0.235845085,1.066941217,1.01572491,1.020789536,1.099517236,1.074545147,0.985561448,1.00969948,0.99021552,1.009255737,1.027120632,0.907353798,0.405303246,0.245186526,1.344133043,5.165108341,1.178312995,0.964452669,0.974411442,0.951994474,0.897795446,1.051735701,0.118454319,0.898022993,1.028605531,0.717126634,1.575157059,1.374468399,2008,228.9166667,-71.08333333,-6.748860533,244.5,-72.33333333,-12.95788567,233.8333333,-68.91666667,-6.486592667,265.3333333,-69.58333333,-7.512064533,0.082203331,556,1070,155,604,467,NA,345,NA,-0.007245646,-0.00864645,0.020435714
119,Cape Roget,Roget,ROGE,2009,6,7209.223967,1218.712208,5189.476673,5443.355058,7088.572919,9384.312552,9927.667603,-0.1925,0.80892032,0.67075,-0.468333333,0.257166667,-0.197416667,0.188583333,0.166666667,0.712195354,1.116666667,0.283333333,-0.033333333,-0.166666667,-0.158333333,10/01/2010,12/03/2009,304,268,320,288,271,268,0,1,0,0,0,1,1.052411452,0.058969497,0.984730218,0.025938736,1.471910631,0.755397819,0.89974345,0.205765034,1.099534052,1.066941217,1.01572491,1.020789536,1.099517236,1.050420045,0.985561448,1.00969948,0.99021552,1.009255737,2.576412893,0.907353798,0.405303246,0.245186526,1.344133043,1.187424011,1.178312995,0.964452669,0.974411442,0.951994474,0.903371692,0.106438547,1.051735701,0.898022993,1.028605531,0.717126634,1.575157059,2009,255.3333333,-66.33333333,-7.596008433,227.6666667,-68.66666667,-7.480122867,256.4166667,-66.83333333,-7.070211,249.9166667,-69.91666667,-8.5232341,0.082557794,556,1070,155,604,467,NA,345,NA,-0.053465538,0.075748175,0.06325719
120,Cape Roget,Roget,ROGE,2010,6,7251.580008,1030.80658,5498.434916,5732.334479,7158.54571,9065.989041,9539.818012,0.786416667,0.986471866,-0.1925,0.67075,-0.468333333,0.257166667,-0.197416667,0.9,1.12989675,0.166666667,1.116666667,0.283333333,-0.033333333,-0.166666667,3/12/2010,15/03/2010,263,304,268,320,288,271,1,0,1,0,0,0,1.110305943,0.072008998,1.033426684,0.020392277,0.835025039,0.811618546,1.114479569,0.127625396,1.052411452,1.099534052,1.066941217,1.01572491,1.020789536,0.984730218,1.050420045,0.985561448,1.00969948,0.99021552,1.471910631,2.576412893,0.907353798,0.405303246,0.245186526,0.89974345,1.187424011,1.178312995,0.964452669,0.974411442,0.879861115,0.269952316,0.903371692,1.051735701,0.898022993,1.028605531,0.717126634,2010,244.25,-69.25,-9.017639133,233.0833333,-72.5,-11.072754,235.6666667,-65.41666667,-7.388753167,262.5833333,-67.83333333,-10.5194295,0.005875257,556,1070,155,604,467,NA,345,NA,-0.053137191,0.058061876,0.085014185
121,Cape Roget,Roget,ROGE,2011,6,7117.090972,1101.831022,5244.269032,5500.547699,7010.700598,9078.518654,9564.314719,-0.054666667,1.158141063,0.786416667,-0.1925,0.67075,-0.468333333,0.257166667,1.375,0.748470663,0.9,0.166666667,1.116666667,0.283333333,-0.033333333,8/01/2012,27/02/2011,315,263,304,268,320,288,0,1,0,1,0,0,1.007537955,0.023204448,1.012854688,0.014760464,0.865756853,0.657557393,1.163291418,0.168098466,1.110305943,1.052411452,1.099534052,1.066941217,1.01572491,1.033426684,0.984730218,1.050420045,0.985561448,1.00969948,0.835025039,1.471910631,2.576412893,0.907353798,0.405303246,1.114479569,0.89974345,1.187424011,1.178312995,0.964452669,0.256484147,0.073054344,0.879861115,0.903371692,1.051735701,0.898022993,1.028605531,2011,250.75,-68.16666667,-5.972208733,205.5833333,-68.41666667,-9.646097667,250.5833333,-63.5,-5.743937167,232.75,-67.16666667,-7.549865567,-0.01854617,556,1070,155,604,467,NA,345,NA,-0.066416541,-0.029177729,-0.005717588
122,Cape Roget,Roget,ROGE,2012,6,6938.229239,1113.067701,5067.432351,5318.173749,6827.403073,8925.664969,9408.355905,0.133166667,0.854832131,-0.054666667,0.786416667,-0.1925,0.67075,-0.468333333,0.2,0.44907312,1.375,0.9,0.166666667,1.116666667,0.283333333,16/01/2013,21/02/2012,330,315,263,304,268,320,0,0,1,0,1,0,1.056353597,0.073033023,1.041524671,0.012425782,1.333677348,0.507405916,1.214141593,0.296745543,1.007537955,1.110305943,1.052411452,1.099534052,1.066941217,1.012854688,1.033426684,0.984730218,1.050420045,0.985561448,0.865756853,0.835025039,1.471910631,2.576412893,0.907353798,1.163291418,1.114479569,0.89974345,1.187424011,1.178312995,0.697991983,0.093119611,0.256484147,0.879861115,0.903371692,1.051735701,0.898022993,2012,243.4166667,-69.41666667,-10.04831967,231.9166667,-69.33333333,-10.23168933,239.4166667,-70.41666667,-6.6299845,204.1666667,-69.91666667,-6.677490333,-0.025131298,556,1070,155,604,467,NA,345,NA,0.140137047,0.051178095,0.041806872
123,Cape Roget,Roget,ROGE,2013,6,6865.823467,1266.180223,4801.556471,5066.187482,6727.580039,9128.811456,9718.527036,0.031666667,0.880367663,0.133166667,-0.054666667,0.786416667,-0.1925,0.67075,0.45,0.327871926,0.2,1.375,0.9,0.166666667,1.116666667,3/01/2014,9/03/2013,300,330,315,263,304,268,0,0,0,1,0,1,1.082078461,0.093291096,1.024303987,0.027561854,2.59996136,0.151753336,1.084073226,0.062866414,1.056353597,1.007537955,1.110305943,1.052411452,1.099534052,1.041524671,1.012854688,1.033426684,0.984730218,1.050420045,1.333677348,0.865756853,0.835025039,1.471910631,2.576412893,1.214141593,1.163291418,1.114479569,0.89974345,1.187424011,0.996274554,0.144129941,0.697991983,0.256484147,0.879861115,0.903371692,1.051735701,2013,250.8333333,-67.25,-10.45792667,237.0833333,-71.58333333,-8.022603133,236.0833333,-67.58333333,-6.163492833,230,-72.5,-5.946105933,-0.010435771,556,1070,155,604,467,NA,345,NA,0.090110936,0.014948143,0.020749064
124,Cape Roget,Roget,ROGE,2014,6,6604.375025,1278.486039,4552.975602,4821.623358,6452.957599,8900.085309,9561.41424,0.079083333,0.666503996,0.031666667,0.133166667,-0.054666667,0.786416667,-0.1925,-0.175,0.467484403,0.45,0.2,1.375,0.9,0.166666667,17/02/2015,3/03/2014,351,300,330,315,263,304,0,0,0,0,1,0,1.069246608,0.03629722,1.025996337,0.031964891,0.616452197,0.452707752,1.223003886,0.305807503,1.082078461,1.056353597,1.007537955,1.110305943,1.052411452,1.024303987,1.041524671,1.012854688,1.033426684,0.984730218,2.59996136,1.333677348,0.865756853,0.835025039,1.471910631,1.084073226,1.214141593,1.163291418,1.114479569,0.89974345,0.892611417,0.114125737,0.996274554,0.697991983,0.256484147,0.879861115,0.903371692,2014,242.8333333,-70.66666667,-8.439758333,212.3333333,-72.66666667,-11.607849,224.5,-72.5,-6.1402588,230.6666667,-69.75,-7.7219035,-0.038079692,556,1070,155,604,467,NA,345,NA,0.115185253,-0.04172507,-0.005688741
125,Cape Roget,Roget,ROGE,2015,6,6240.706794,1246.327987,4253.699557,4497.273606,6087.236487,8516.459673,9091.22939,0.714083333,0.492051735,0.079083333,0.031666667,0.133166667,-0.054666667,0.786416667,-0.833333333,0.438431548,-0.175,0.45,0.2,1.375,0.9,19/01/2016,16/03/2015,309,351,300,330,315,263,0,0,0,0,0,1,1.099908777,0.110462935,1.009112654,0.006706198,3.482157505,1.256086747,0.974113957,0.038224432,1.069246608,1.082078461,1.056353597,1.007537955,1.110305943,1.025996337,1.024303987,1.041524671,1.012854688,1.033426684,0.616452197,2.59996136,1.333677348,0.865756853,0.835025039,1.223003886,1.084073226,1.214141593,1.163291418,1.114479569,0.70740588,0.127654638,0.892611417,0.996274554,0.697991983,0.256484147,0.879861115,2015,211,-72.75,-7.4763182,227.9166667,-74.5,-10.87288417,247.4166667,-70.66666667,-6.5680135,224,-70.25,-8.371236167,-0.055064746,556,1070,155,604,467,NA,345,NA,-0.179008908,-0.098661435,-0.04175416
126,Cape Roget,Roget,ROGE,2016,6,5597.999905,1234.676583,3545.660856,3809.239708,5477.708183,7787.937592,8379.604196,0.566833333,1.257792632,0.714083333,0.079083333,0.031666667,0.133166667,-0.054666667,-0.141666667,0.774013709,-0.833333333,-0.175,0.45,0.2,1.375,15/12/2016,16/03/2016,274,309,351,300,330,315,1,0,0,0,0,0,1.061432415,0.047640757,1.008254408,0.008830387,0.762971912,0.148039164,1.127361629,0.213093096,1.099908777,1.069246608,1.082078461,1.056353597,1.007537955,1.009112654,1.025996337,1.024303987,1.041524671,1.012854688,3.482157505,0.616452197,2.59996136,1.333677348,0.865756853,0.974113957,1.223003886,1.084073226,1.214141593,1.163291418,0.639177897,0.257059806,0.70740588,0.892611417,0.996274554,0.697991983,0.256484147,2016,220,-70.41666667,-9.860087,223.5,-72.5,-9.331746433,220.9166667,-70.41666667,-8.303690667,224.3333333,-72.66666667,-7.3230795,-0.102986234,556,1070,155,604,467,NA,345,NA,-0.130811457,-0.057063331,-0.001184368
127,Cape Roget,Roget,ROGE,2017,6,5357.649484,1087.621976,3554.290806,3785.967465,5242.677964,7322.854933,7822.063201,0.446,0.650038204,0.566833333,0.714083333,0.079083333,0.031666667,0.133166667,0.383333333,0.260874597,-0.141666667,-0.833333333,-0.175,0.45,0.2,21/02/2018,25/03/2017,333,274,309,351,300,330,0,1,0,0,0,0,0.986486462,0.046216706,0.99915145,0.013825553,0.433212612,0.393622583,1.176895345,0.260127893,1.061432415,1.099908777,1.069246608,1.082078461,1.056353597,1.008254408,1.009112654,1.025996337,1.024303987,1.041524671,0.762971912,3.482157505,0.616452197,2.59996136,1.333677348,1.127361629,0.974113957,1.223003886,1.084073226,1.214141593,0.163005138,0.237814154,0.639177897,0.70740588,0.892611417,0.996274554,0.697991983,2017,223.1666667,-70.33333333,-9.597391667,229.3333333,-73.66666667,-11.2891235,217.25,-64.33333333,-8.367289,236,-70.58333333,-8.318725667,-0.042935053,556,1070,155,604,467,NA,345,NA,-0.107445334,-0.026597243,-0.005311121
128,Cape Roget,Roget,ROGE,2018,6,5242.414356,875.523331,3766.930731,3957.26332,5162.461254,6814.023,7194.408056,0.42875,0.730429112,0.446,0.566833333,0.714083333,0.079083333,0.031666667,0.208333333,0.354632047,0.383333333,-0.141666667,-0.833333333,-0.175,0.45,12/12/2018,18/03/2018,269,333,274,309,351,300,1,0,1,0,0,0,1.005420725,0.009004313,1.004476497,0.018170113,2.063020483,0.824859075,1.051449546,0.082457667,0.986486462,1.061432415,1.099908777,1.069246608,1.082078461,0.99915145,1.008254408,1.009112654,1.025996337,1.024303987,0.433212612,0.762971912,3.482157505,0.616452197,2.59996136,1.176895345,1.127361629,0.974113957,1.223003886,1.084073226,0.260521203,0.157182787,0.163005138,0.639177897,0.70740588,0.892611417,0.996274554,2018,224.75,-68.66666667,-9.419861,232.4166667,-72.75,-8.543803,264.0833333,-67.08333333,-8.268859867,253.3333333,-68.91666667,-9.017110167,-0.021508523,556,1070,155,604,467,NA,345,NA,0.005686302,0.021389848,0.039046043
129,Cape Roget,Roget,ROGE,2019,6,5020.045969,880.6194139,3538.550311,3732.459284,4928.357339,6603.678103,7009.745073,-0.1645,0.959004301,0.42875,0.446,0.566833333,0.714083333,0.079083333,-0.45,0.193649167,0.208333333,0.383333333,-0.141666667,-0.833333333,-0.175,10/01/2020,23/03/2019,293,269,333,274,309,351,0,1,0,1,0,0,0.934085879,0.081094292,0.98081872,0.014265048,0.834208901,0.665541104,1.053754806,0.072657898,1.005420725,0.986486462,1.061432415,1.099908777,1.069246608,1.004476497,0.99915145,1.008254408,1.009112654,1.025996337,2.063020483,0.433212612,0.762971912,3.482157505,0.616452197,1.051449546,1.176895345,1.127361629,0.974113957,1.223003886,0.537867819,0.042914649,0.260521203,0.163005138,0.639177897,0.70740588,0.892611417,2019,212.3333333,-71.16666667,-11.1125285,209.5833333,-72.33333333,-12.02191167,207.3333333,-68.66666667,-5.275268567,251.6666667,-68.75,-6.814595667,-0.042417171,556,1070,155,604,467,NA,345,NA,-0.12268207,-0.047547814,-0.026172364
130,Cape Roget,Roget,ROGE,2020,6,4963.327543,880.8644019,3512.707225,3699.668301,4868.241205,6535.367526,6951.317393,0.427416667,0.762780818,-0.1645,0.42875,0.446,0.566833333,0.714083333,0.45,0.487339717,-0.45,0.208333333,0.383333333,-0.141666667,-0.833333333,31/12/2020,14/03/2020,292,293,269,333,274,309,0,0,1,0,1,0,1.065558714,0.044833357,0.978922879,0.022161766,0.519923082,0.441873052,1.05085896,0.039728259,0.934085879,1.005420725,0.986486462,1.061432415,1.099908777,0.98081872,1.004476497,0.99915145,1.008254408,1.009112654,0.834208901,2.063020483,0.433212612,0.762971912,3.482157505,1.053754806,1.051449546,1.176895345,1.127361629,0.974113957,0.43767777,0.23825314,0.537867819,0.260521203,0.163005138,0.639177897,0.70740588,2020,212.1666667,-74.25,-9.6526488,199,-69.75,-10.28902167,256.8333333,-68.83333333,-7.724507467,236.75,-71.5,-9.598205667,-0.011298388,556,1070,155,604,467,NA,345,NA,-0.079222908,-0.02620976,-0.029264601
131,Cape Roget,Roget,ROGE,2021,6,4998.982201,863.4836593,3587.802576,3762.92577,4905.448546,6561.331941,6932.430769,0.781083333,0.730269865,0.427416667,-0.1645,0.42875,0.446,0.566833333,0.883333333,0.348409083,0.45,-0.45,0.208333333,0.383333333,-0.141666667,20/12/2021,26/02/2021,297,292,293,269,333,274,0,0,0,1,0,1,1.05373033,0.005961037,1.008672916,0.018261338,0.377872905,0.125188915,1.071585971,0.07215902,1.065558714,0.934085879,1.005420725,0.986486462,1.061432415,0.978922879,0.98081872,1.004476497,0.99915145,1.008254408,0.519923082,0.834208901,2.063020483,0.433212612,0.762971912,1.05085896,1.053754806,1.051449546,1.176895345,1.127361629,0.703621309,0.584315242,0.43767777,0.537867819,0.260521203,0.163005138,0.639177897,2021,199.5,-70.58333333,-7.367818333,248.1666667,-69.91666667,-9.370544667,253.5,-70.41666667,-10.208822,253.4166667,-70.25,-10.31890867,0.00718362,556,1070,155,604,467,NA,345,NA,-0.035194244,-0.101079573,-0.102785757
132,Cape Roget,Roget,ROGE,2022,6,4594.048949,921.6750067,3089.507729,3289.808947,4493.68036,6256.818768,6707.562853,0.681083333,0.690122267,0.781083333,0.427416667,-0.1645,0.42875,0.446,1.308333333,0.189113429,0.883333333,0.45,-0.45,0.208333333,0.383333333,3/01/2023,5/04/2022,273,297,292,293,269,333,0,0,0,0,1,0,0.936516157,0.092578669,1.010657481,0.01011972,0.60414834,0.767937907,1.027730389,0.054430595,1.05373033,1.065558714,0.934085879,1.005420725,0.986486462,1.008672916,0.978922879,0.98081872,1.004476497,0.99915145,0.377872905,0.519923082,0.834208901,2.063020483,0.433212612,1.071585971,1.05085896,1.053754806,1.051449546,1.176895345,0.16627639,0.138342008,0.703621309,0.43767777,0.537867819,0.260521203,0.163005138,2022,233.0833333,-70.33333333,-8.8834635,220.75,-72,-11.44244367,230.4166667,-70.66666667,-8.930318167,257.25,-70,-9.564412333,-0.081003139,556,1070,155,604,467,NA,345,NA,-0.111557074,-0.086255478,-0.106001552
133,Cape Roget,Roget,ROGE,2023,6,4670.474033,937.6011286,3183.078876,3364.471357,4552.024353,6377.814806,6841.973954,0.244083333,1.019156797,0.681083333,0.781083333,0.427416667,-0.1645,0.42875,-0.091666667,0.743256723,1.308333333,0.883333333,0.45,-0.45,0.208333333,31/12/2023,14/03/2023,292,273,297,292,293,269,0,0,0,0,0,1,1.034663716,0.067658896,0.998322783,0.018209428,0.683599184,0.507572105,1.083853398,0.129202642,0.936516157,1.05373033,1.065558714,0.934085879,1.005420725,1.010657481,1.008672916,0.978922879,0.98081872,1.004476497,0.60414834,0.377872905,0.519923082,0.834208901,2.063020483,1.027730389,1.071585971,1.05085896,1.053754806,1.051449546,0.248603885,0.143956843,0.16627639,0.703621309,0.43767777,0.537867819,0.260521203,2023,257.75,-68.33333333,-8.068359333,216.8333333,-70.91666667,-13.14676917,273.75,-68.33333333,-10.58652767,232.5833333,-70.25,-7.989013667,0.01663567,556,1070,155,604,467,NA,345,NA,-0.100645573,-0.038022409,-0.051272026
134,Cape Roget,Roget,ROGE,2024,6,4850.414492,1044.870752,3233.681191,3426.353329,4712.883518,6743.425425,7274.336264,0.00225,0.914392706,0.244083333,0.681083333,0.781083333,0.427416667,-0.1645,0.108333333,0.340240928,-0.091666667,1.308333333,0.883333333,0.45,-0.45,20/12/2024,27/03/2024,268,292,273,297,292,293,0,0,0,0,0,0,1.014376817,0.052393689,0.997996707,0.019665475,0.999510347,0.177844579,1.067840949,0.106016654,1.034663716,0.936516157,1.05373033,1.065558714,0.934085879,0.998322783,1.010657481,1.008672916,0.978922879,0.98081872,0.683599184,0.60414834,0.377872905,0.519923082,0.834208901,1.083853398,1.027730389,1.071585971,1.05085896,1.053754806,0.297513406,0.166700425,0.248603885,0.16627639,0.703621309,0.43767777,0.537867819,2024,195.75,-72.25,-13.1242675,NA,NA,NA,217,-72,-7.672546333,NA,NA,NA,0.038527237,556,1070,155,604,467,NA,345,NA,0.004868857,0.003981479,-0.013539006
135,Ross Sea Metapopulation,Ross,ROSS,2005,8,73653.8017,8177.749478,59421.91597,61454.27646,73076.7916,88033.56014,91524.96757,-0.197416667,0.802264863,0.188583333,-0.223083333,-0.60175,0.353166667,-0.120416667,-0.166666667,0.576387216,-0.158333333,-0.183333333,-0.35,0.291666667,0.883333333,NA,NA,NA,NA,NA,NA,NA,NA,NA,NA,NA,NA,NA,NA,1.080954787,0.168013899,0.985686576,0.039515735,0.859283921,0.273743155,0.966473567,0.024882699,1.020493845,1.127152117,0.957147393,1.051065711,1.001861926,0.96618683,0.975391987,1.0268981,1.010800362,1.007843118,1.442853989,2.243466476,1.154405714,1.729529483,0.817050095,0.997362123,0.965027009,1.022224099,1.029819682,1.028007465,0.717126634,0.15833497,1.575157059,1.374468399,1.155295755,1.654221659,1.225973904,2005,191.25,-70.58333333,-7.984069667,214.8333333,-72.75,-12.70544433,242.1666667,-68.41666667,-6.656351767,222.8333333,-69.83333333,-9.197407867,NA,NA,NA,NA,NA,NA,NA,NA,NA,NA,NA,NA
136,Ross Sea Metapopulation,Ross,ROSS,2006,8,72415.30415,7215.357414,59607.00829,61470.18944,71908.94819,85082.11801,88051.25176,0.257166667,0.808554454,-0.197416667,0.188583333,-0.223083333,-0.60175,0.353166667,-0.033333333,0.715697018,-0.166666667,-0.158333333,-0.183333333,-0.35,0.291666667,NA,NA,NA,NA,NA,NA,NA,NA,NA,NA,NA,NA,NA,NA,0.947187286,0.051268733,1.021399002,0.029704367,0.660662984,0.071889305,1.078332155,0.07624311,1.080954787,1.020493845,1.127152117,0.957147393,1.051065711,0.985686576,0.96618683,0.975391987,1.0268981,1.010800362,0.859283921,1.442853989,2.243466476,1.154405714,1.729529483,0.966473567,0.997362123,0.965027009,1.022224099,1.029819682,1.028605531,0.136364318,0.717126634,1.575157059,1.374468399,1.155295755,1.654221659,2006,239.3333333,-70.5,-10.987732,209.4166667,-69.91666667,-10.09409567,232.3333333,-66.25,-7.4467162,225.3333333,-68.16666667,-7.457804533,-0.01681512,NA,NA,NA,NA,NA,NA,NA,NA,NA,NA,NA
137,Ross Sea Metapopulation,Ross,ROSS,2007,8,68986.1555,7000.152591,56198.01796,58168.12867,68689.53784,80931.73139,83678.04805,-0.468333333,1.016480557,0.257166667,-0.197416667,0.188583333,-0.223083333,-0.60175,0.283333333,0.52254718,-0.033333333,-0.166666667,-0.158333333,-0.183333333,-0.35,NA,NA,NA,NA,NA,NA,NA,NA,NA,NA,NA,NA,NA,NA,1.080188018,0.040998226,1.016535473,0.033704313,1.059445384,0.053469491,1.166710351,0.159247289,0.947187286,1.080954787,1.020493845,1.127152117,0.957147393,1.021399002,0.985686576,0.96618683,0.975391987,1.0268981,0.660662984,0.859283921,1.442853989,2.243466476,1.154405714,1.078332155,0.966473567,0.997362123,0.965027009,1.022224099,0.898022993,0.118147828,1.028605531,0.717126634,1.575157059,1.374468399,1.155295755,2007,212.9166667,-72,-9.797038,213.5833333,-70.16666667,-7.854533067,221,-69.33333333,-5.7262574,237.6666667,-71.83333333,-5.4139201,-0.047353922,NA,NA,NA,NA,NA,NA,NA,NA,NA,NA,NA
138,Ross Sea Metapopulation,Ross,ROSS,2008,8,67838.30963,6471.095755,55988.90389,57742.30746,67541.78166,78989.29427,81481.48324,0.67075,0.725668327,-0.468333333,0.257166667,-0.197416667,0.188583333,-0.223083333,1.116666667,0.536708073,0.283333333,-0.033333333,-0.166666667,-0.158333333,-0.183333333,NA,NA,NA,NA,NA,NA,NA,NA,NA,NA,NA,NA,NA,NA,1.147152404,0.125698302,1.025182048,0.008023666,1.960640837,0.171779816,1.120167608,0.107803532,1.080188018,0.947187286,1.080954787,1.020493845,1.127152117,1.016535473,1.021399002,0.985686576,0.96618683,0.975391987,1.059445384,0.660662984,0.859283921,1.442853989,2.243466476,1.166710351,1.078332155,0.966473567,0.997362123,0.965027009,1.051735701,0.118454319,0.898022993,1.028605531,0.717126634,1.575157059,1.374468399,2008,228.9166667,-71.08333333,-6.748860533,244.5,-72.33333333,-12.95788567,233.8333333,-68.91666667,-6.486592667,265.3333333,-69.58333333,-7.512064533,-0.016638786,NA,NA,NA,NA,NA,NA,NA,NA,NA,NA,NA
139,Ross Sea Metapopulation,Ross,ROSS,2009,8,68369.7878,6639.24508,56282.80793,58051.31072,68058.03125,79745.36218,82177.47764,-0.1925,0.80892032,0.67075,-0.468333333,0.257166667,-0.197416667,0.188583333,0.166666667,0.712195354,1.116666667,0.283333333,-0.033333333,-0.166666667,-0.158333333,NA,NA,NA,NA,NA,NA,NA,NA,NA,NA,NA,NA,NA,NA,1.158215205,0.157875507,1.02321419,0.015205213,1.241874849,0.382551113,0.983222302,0.028902031,1.147152404,1.080188018,0.947187286,1.080954787,1.020493845,1.025182048,1.016535473,1.021399002,0.985686576,0.96618683,1.960640837,1.059445384,0.660662984,0.859283921,1.442853989,1.120167608,1.166710351,1.078332155,0.966473567,0.997362123,0.903371692,0.106438547,1.051735701,0.898022993,1.028605531,0.717126634,1.575157059,2009,255.3333333,-66.33333333,-7.596008433,227.6666667,-68.66666667,-7.480122867,256.4166667,-66.83333333,-7.070211,249.9166667,-69.91666667,-8.5232341,0.007834484,NA,NA,NA,NA,NA,NA,NA,NA,NA,NA,NA
140,Ross Sea Metapopulation,Ross,ROSS,2010,8,69916.14957,6108.357189,58859.2737,60505.46059,69578.15353,80519.97283,82941.75606,0.786416667,0.986471866,-0.1925,0.67075,-0.468333333,0.257166667,-0.197416667,0.9,1.12989675,0.166666667,1.116666667,0.283333333,-0.033333333,-0.166666667,NA,NA,NA,NA,NA,NA,NA,NA,NA,NA,NA,NA,NA,NA,1.092454733,0.014447577,1.031893392,0.027121373,1.230167345,0.171276877,1.009014357,0.021899898,1.158215205,1.147152404,1.080188018,0.947187286,1.080954787,1.02321419,1.025182048,1.016535473,1.021399002,0.985686576,1.241874849,1.960640837,1.059445384,0.660662984,0.859283921,0.983222302,1.120167608,1.166710351,1.078332155,0.966473567,0.879861115,0.269952316,0.903371692,1.051735701,0.898022993,1.028605531,0.717126634,2010,244.25,-69.25,-9.017639133,233.0833333,-72.5,-11.072754,235.6666667,-65.41666667,-7.388753167,262.5833333,-67.83333333,-10.5194295,0.022617618,NA,NA,NA,NA,NA,NA,NA,NA,NA,NA,NA
141,Ross Sea Metapopulation,Ross,ROSS,2011,8,72509.83115,5635.853171,62373.39355,63817.69796,72194.91046,82284.658,84486.6196,-0.054666667,1.158141063,0.786416667,-0.1925,0.67075,-0.468333333,0.257166667,1.375,0.748470663,0.9,0.166666667,1.116666667,0.283333333,-0.033333333,NA,NA,NA,NA,NA,NA,NA,NA,NA,NA,NA,NA,NA,NA,0.927131587,0.160115379,1.001665298,0.013671856,0.558708301,0.379360127,0.960730274,0.073655886,1.092454733,1.158215205,1.147152404,1.080188018,0.947187286,1.031893392,1.02321419,1.025182048,1.016535473,1.021399002,1.230167345,1.241874849,1.960640837,1.059445384,0.660662984,1.009014357,0.983222302,1.120167608,1.166710351,1.078332155,0.256484147,0.073054344,0.879861115,0.903371692,1.051735701,0.898022993,1.028605531,2011,250.75,-68.16666667,-5.972208733,205.5833333,-68.41666667,-9.646097667,250.5833333,-63.5,-5.743937167,232.75,-67.16666667,-7.549865567,0.037097031,NA,NA,NA,NA,NA,NA,NA,NA,NA,NA,NA
142,Ross Sea Metapopulation,Ross,ROSS,2012,8,77116.62627,6701.043015,65078.51206,66775.01551,76729.21539,88791.65229,91519.10426,0.133166667,0.854832131,-0.054666667,0.786416667,-0.1925,0.67075,-0.468333333,0.2,0.44907312,1.375,0.9,0.166666667,1.116666667,0.283333333,NA,NA,NA,NA,NA,NA,NA,NA,NA,NA,NA,NA,NA,NA,1.02382555,0.024320623,1.0031729,0.017704501,1.056842052,0.056848573,1.090880915,0.114774849,0.927131587,1.092454733,1.158215205,1.147152404,1.080188018,1.001665298,1.031893392,1.02321419,1.025182048,1.016535473,0.558708301,1.230167345,1.241874849,1.960640837,1.059445384,0.960730274,1.009014357,0.983222302,1.120167608,1.166710351,0.697991983,0.093119611,0.256484147,0.879861115,0.903371692,1.051735701,0.898022993,2012,243.4166667,-69.41666667,-10.04831967,231.9166667,-69.33333333,-10.23168933,239.4166667,-70.41666667,-6.6299845,204.1666667,-69.91666667,-6.677490333,0.063533386,NA,NA,NA,NA,NA,NA,NA,NA,NA,NA,NA
143,Ross Sea Metapopulation,Ross,ROSS,2013,8,78824.72979,7809.454585,64841.36196,66876.95383,78327.7661,92381.05193,95430.3224,0.031666667,0.880367663,0.133166667,-0.054666667,0.786416667,-0.1925,0.67075,0.45,0.327871926,0.2,1.375,0.9,0.166666667,1.116666667,NA,NA,NA,NA,NA,NA,NA,NA,NA,NA,NA,NA,NA,NA,1.139037183,0.094448134,1.023224139,0.04170917,1.853906817,0.306555206,1.060929245,0.063550411,1.02382555,0.927131587,1.092454733,1.158215205,1.147152404,1.0031729,1.001665298,1.031893392,1.02321419,1.025182048,1.056842052,0.558708301,1.230167345,1.241874849,1.960640837,1.090880915,0.960730274,1.009014357,0.983222302,1.120167608,0.996274554,0.144129941,0.697991983,0.256484147,0.879861115,0.903371692,1.051735701,2013,250.8333333,-67.25,-10.45792667,237.0833333,-71.58333333,-8.022603133,236.0833333,-67.58333333,-6.163492833,230,-72.5,-5.946105933,0.022149614,NA,NA,NA,NA,NA,NA,NA,NA,NA,NA,NA
144,Ross Sea Metapopulation,Ross,ROSS,2014,8,81559.956,8385.718417,66785.91048,68921.97931,80965.27029,96075.69436,99603.244,0.079083333,0.666503996,0.031666667,0.133166667,-0.054666667,0.786416667,-0.1925,-0.175,0.467484403,0.45,0.2,1.375,0.9,0.166666667,NA,NA,NA,NA,NA,NA,NA,NA,NA,NA,NA,NA,NA,NA,1.089465191,0.011432642,1.025389122,0.035370134,0.845632683,0.278408963,1.127423515,0.148437711,1.139037183,1.02382555,0.927131587,1.092454733,1.158215205,1.023224139,1.0031729,1.001665298,1.031893392,1.02321419,1.853906817,1.056842052,0.558708301,1.230167345,1.241874849,1.060929245,1.090880915,0.960730274,1.009014357,0.983222302,0.892611417,0.114125737,0.996274554,0.697991983,0.256484147,0.879861115,0.903371692,2014,242.8333333,-70.66666667,-8.439758333,212.3333333,-72.66666667,-11.607849,224.5,-72.5,-6.1402588,230.6666667,-69.75,-7.7219035,0.034700103,NA,NA,NA,NA,NA,NA,NA,NA,NA,NA,NA
145,Ross Sea Metapopulation,Ross,ROSS,2015,8,76110.96013,9375.575385,59437.71951,61867.92996,75537.51832,92280.47307,96252.17703,0.714083333,0.492051735,0.079083333,0.031666667,0.133166667,-0.054666667,0.786416667,-0.833333333,0.438431548,-0.175,0.45,0.2,1.375,0.9,NA,NA,NA,NA,NA,NA,NA,NA,NA,NA,NA,NA,NA,NA,1.137200042,0.106275056,0.99460083,0.020189371,1.276373427,0.231742818,1.032396842,0.019450843,1.089465191,1.139037183,1.02382555,0.927131587,1.092454733,1.025389122,1.023224139,1.0031729,1.001665298,1.031893392,0.845632683,1.853906817,1.056842052,0.558708301,1.230167345,1.127423515,1.060929245,1.090880915,0.960730274,1.009014357,0.70740588,0.127654638,0.892611417,0.996274554,0.697991983,0.256484147,0.879861115,2015,211,-72.75,-7.4763182,227.9166667,-74.5,-10.87288417,247.4166667,-70.66666667,-6.5680135,224,-70.25,-8.371236167,-0.066809696,NA,NA,NA,NA,NA,NA,NA,NA,NA,NA,NA
146,Ross Sea Metapopulation,Ross,ROSS,2016,8,74719.03081,10027.9055,56768.35446,59568.76283,74202.73928,91846.24635,96039.96572,0.566833333,1.257792632,0.714083333,0.079083333,0.031666667,0.133166667,-0.054666667,-0.141666667,0.774013709,-0.833333333,-0.175,0.45,0.2,1.375,NA,NA,NA,NA,NA,NA,NA,NA,NA,NA,NA,NA,NA,NA,1.014283063,0.048725754,0.983338801,0.02668562,0.783368875,0.245645005,0.947280319,0.030689506,1.137200042,1.089465191,1.139037183,1.02382555,0.927131587,0.99460083,1.025389122,1.023224139,1.0031729,1.001665298,1.276373427,0.845632683,1.853906817,1.056842052,0.558708301,1.032396842,1.127423515,1.060929245,1.090880915,0.960730274,0.639177897,0.257059806,0.70740588,0.892611417,0.996274554,0.697991983,0.256484147,2016,220,-70.41666667,-9.860087,223.5,-72.5,-9.331746433,220.9166667,-70.41666667,-8.303690667,224.3333333,-72.66666667,-7.3230795,-0.018288159,NA,NA,NA,NA,NA,NA,NA,NA,NA,NA,NA
147,Ross Sea Metapopulation,Ross,ROSS,2017,8,74100.37318,10358.65315,55918.94816,58351.14183,73482.54952,91923.14533,96481.39461,0.446,0.650038204,0.566833333,0.714083333,0.079083333,0.031666667,0.133166667,0.383333333,0.260874597,-0.141666667,-0.833333333,-0.175,0.45,0.2,NA,NA,NA,NA,NA,NA,NA,NA,NA,NA,NA,NA,NA,NA,0.867640711,0.144258693,0.94217854,0.003922641,0.335119682,0.258032124,1.012926299,0.052014547,1.014283063,1.137200042,1.089465191,1.139037183,1.02382555,0.983338801,0.99460083,1.025389122,1.023224139,1.0031729,0.783368875,1.276373427,0.845632683,1.853906817,1.056842052,0.947280319,1.032396842,1.127423515,1.060929245,1.090880915,0.163005138,0.237814154,0.639177897,0.70740588,0.892611417,0.996274554,0.697991983,2017,223.1666667,-70.33333333,-9.597391667,229.3333333,-73.66666667,-11.2891235,217.25,-64.33333333,-8.367289,236,-70.58333333,-8.318725667,-0.008279787,NA,NA,NA,NA,NA,NA,NA,NA,NA,NA,NA
148,Ross Sea Metapopulation,Ross,ROSS,2018,8,78503.82763,10818.57444,60008.29779,62853.55495,77795.18411,97251.51301,101599.1746,0.42875,0.730429112,0.446,0.566833333,0.714083333,0.079083333,0.031666667,0.208333333,0.354632047,0.383333333,-0.141666667,-0.833333333,-0.175,0.45,NA,NA,NA,NA,NA,NA,NA,NA,NA,NA,NA,NA,NA,NA,0.970306528,0.084377022,1.015527919,0.03139738,0.536754175,0.145788736,0.915074266,0.089300905,0.867640711,1.014283063,1.137200042,1.089465191,1.139037183,0.94217854,0.983338801,0.99460083,1.025389122,1.023224139,0.335119682,0.783368875,1.276373427,0.845632683,1.853906817,1.012926299,0.947280319,1.032396842,1.127423515,1.060929245,0.260521203,0.157182787,0.163005138,0.639177897,0.70740588,0.892611417,0.996274554,2018,224.75,-68.66666667,-9.419861,232.4166667,-72.75,-8.543803,264.0833333,-67.08333333,-8.268859867,253.3333333,-68.91666667,-9.017110167,0.059425537,NA,NA,NA,NA,NA,NA,NA,NA,NA,NA,NA
149,Ross Sea Metapopulation,Ross,ROSS,2019,8,81652.48079,10315.96818,63713.09733,66066.53705,80873.00374,99639.14948,104085.2306,-0.1645,0.959004301,0.42875,0.446,0.566833333,0.714083333,0.079083333,-0.45,0.193649167,0.208333333,0.383333333,-0.141666667,-0.833333333,-0.175,NA,NA,NA,NA,NA,NA,NA,NA,NA,NA,NA,NA,NA,NA,0.975504524,0.070541657,0.990402349,0.024971805,0.400979769,0.100098682,1.052569925,0.038619467,0.970306528,0.867640711,1.014283063,1.137200042,1.089465191,1.015527919,0.94217854,0.983338801,0.99460083,1.025389122,0.536754175,0.335119682,0.783368875,1.276373427,0.845632683,0.915074266,1.012926299,0.947280319,1.032396842,1.127423515,0.537867819,0.042914649,0.260521203,0.163005138,0.639177897,0.70740588,0.892611417,2019,212.3333333,-71.16666667,-11.1125285,209.5833333,-72.33333333,-12.02191167,207.3333333,-68.66666667,-5.275268567,251.6666667,-68.75,-6.814595667,0.040108276,NA,NA,NA,NA,NA,NA,NA,NA,NA,NA,NA
150,Ross Sea Metapopulation,Ross,ROSS,2020,8,79953.6049,10482.88088,61723.07193,64291.472,79087.7101,98434.11365,102874.0729,0.427416667,0.762780818,-0.1645,0.42875,0.446,0.566833333,0.714083333,0.45,0.487339717,-0.45,0.208333333,0.383333333,-0.141666667,-0.833333333,NA,NA,NA,NA,NA,NA,NA,NA,NA,NA,NA,NA,NA,NA,0.984646922,0.037346697,1.016780573,0.011029497,0.691728902,0.188879478,0.974126368,0.105139537,0.975504524,0.970306528,0.867640711,1.014283063,1.137200042,0.990402349,1.015527919,0.94217854,0.983338801,0.99460083,0.400979769,0.536754175,0.335119682,0.783368875,1.276373427,1.052569925,0.915074266,1.012926299,0.947280319,1.032396842,0.43767777,0.23825314,0.537867819,0.260521203,0.163005138,0.639177897,0.70740588,2020,212.1666667,-74.25,-9.6526488,199,-69.75,-10.28902167,256.8333333,-68.83333333,-7.724507467,236.75,-71.5,-9.598205667,-0.020806176,NA,NA,NA,NA,NA,NA,NA,NA,NA,NA,NA
151,Ross Sea Metapopulation,Ross,ROSS,2021,8,76058.98089,9871.670438,58914.07496,61387.27241,75321.06264,93413.04579,97553.52619,0.781083333,0.730269865,0.427416667,-0.1645,0.42875,0.446,0.566833333,0.883333333,0.348409083,0.45,-0.45,0.208333333,0.383333333,-0.141666667,NA,NA,NA,NA,NA,NA,NA,NA,NA,NA,NA,NA,NA,NA,0.984062122,0.036539598,1.024751832,0.015665458,0.719940938,0.274410622,0.945696328,0.060824572,0.984646922,0.975504524,0.970306528,0.867640711,1.014283063,1.016780573,0.990402349,1.015527919,0.94217854,0.983338801,0.691728902,0.400979769,0.536754175,0.335119682,0.783368875,0.974126368,1.052569925,0.915074266,1.012926299,0.947280319,0.703621309,0.584315242,0.43767777,0.537867819,0.260521203,0.163005138,0.639177897,2021,199.5,-70.58333333,-7.367818333,248.1666667,-69.91666667,-9.370544667,253.5,-70.41666667,-10.208822,253.4166667,-70.25,-10.31890867,-0.04871105,NA,NA,NA,NA,NA,NA,NA,NA,NA,NA,NA
152,Ross Sea Metapopulation,Ross,ROSS,2022,8,64634.27734,10232.10879,48089.56684,50062.51924,63472.04287,83104.72997,88363.32151,0.681083333,0.690122267,0.781083333,0.427416667,-0.1645,0.42875,0.446,1.308333333,0.189113429,0.883333333,0.45,-0.45,0.208333333,0.383333333,NA,NA,NA,NA,NA,NA,NA,NA,NA,NA,NA,NA,NA,NA,0.993537757,0.14495708,1.026119985,0.015101393,0.559454543,0.258187642,0.977514107,0.067305789,0.984062122,0.984646922,0.975504524,0.970306528,0.867640711,1.024751832,1.016780573,0.990402349,1.015527919,0.94217854,0.719940938,0.691728902,0.400979769,0.536754175,0.335119682,0.945696328,0.974126368,1.052569925,0.915074266,1.012926299,0.16627639,0.138342008,0.703621309,0.43767777,0.537867819,0.260521203,0.163005138,2022,233.0833333,-70.33333333,-8.8834635,220.75,-72,-11.44244367,230.4166667,-70.66666667,-8.930318167,257.25,-70,-9.564412333,-0.150208475,NA,NA,NA,NA,NA,NA,NA,NA,NA,NA,NA
153,Ross Sea Metapopulation,Ross,ROSS,2023,8,58929.52539,10926.32708,42416.14832,44341.37049,57264.19395,78931.90732,85256.21987,0.244083333,1.019156797,0.681083333,0.781083333,0.427416667,-0.1645,0.42875,-0.091666667,0.743256723,1.308333333,0.883333333,0.45,-0.45,0.208333333,NA,NA,NA,NA,NA,NA,NA,NA,NA,NA,NA,NA,NA,NA,0.946459183,0.028713765,0.851218281,0.041457457,0.601684585,0.209456488,0.989156617,0.03118668,0.993537757,0.984062122,0.984646922,0.975504524,0.970306528,1.026119985,1.024751832,1.016780573,0.990402349,1.015527919,0.559454543,0.719940938,0.691728902,0.400979769,0.536754175,0.977514107,0.945696328,0.974126368,1.052569925,0.915074266,0.248603885,0.143956843,0.16627639,0.703621309,0.43767777,0.537867819,0.260521203,2023,257.75,-68.33333333,-8.068359333,216.8333333,-70.91666667,-13.14676917,273.75,-68.33333333,-10.58652767,232.5833333,-70.25,-7.989013667,-0.088262021,NA,NA,NA,NA,NA,NA,NA,NA,NA,NA,NA
154,Ross Sea Metapopulation,Ross,ROSS,2024,8,56866.82175,12147.97543,39249.75291,41197.07209,54744.02723,79694.52245,86810.44042,0.00225,0.914392706,0.244083333,0.681083333,0.781083333,0.427416667,-0.1645,0.108333333,0.340240928,-0.091666667,1.308333333,0.883333333,0.45,-0.45,NA,NA,NA,NA,NA,NA,NA,NA,NA,NA,NA,NA,NA,NA,0.883730767,0.055658703,1.009216553,0.034211291,0.58473005,0.284065678,0.949510774,0.02511778,0.946459183,0.993537757,0.984062122,0.984646922,0.975504524,0.851218281,1.026119985,1.024751832,1.016780573,0.990402349,0.601684585,0.559454543,0.719940938,0.691728902,0.400979769,0.989156617,0.977514107,0.945696328,0.974126368,1.052569925,0.297513406,0.166700425,0.248603885,0.16627639,0.703621309,0.43767777,0.537867819,2024,195.75,-72.25,-13.1242675,NA,NA,NA,217,-72,-7.672546333,NA,NA,NA,-0.035002889,NA,NA,NA,NA,NA,NA,NA,NA,NA,NA,NA
155,Cape Washington,Washington,WASH,2004,7,14154.7453,3031.540786,9071.926278,9763.450635,13849.43312,19646.04199,20977.13892,0.188583333,0.748328633,-0.223083333,-0.60175,0.353166667,-0.120416667,0.631833333,-0.158333333,0.281242284,-0.183333333,-0.35,0.291666667,0.883333333,0.808333333,24/12/2004,17/03/2004,282,NA,NA,NA,NA,NA,0,NA,NA,NA,NA,NA,1.022568052,0.033795794,1.007344889,0.019476974,1.401249997,0.227665513,0.733281159,0.228334326,1.035548071,0.984306606,1.005843386,1.009476305,1.04797509,1.01096613,0.997533692,1.002231079,0.992151765,1.010159568,3.133213497,0.74272284,1.316086996,0.754675702,0.649344858,1.009398035,1.233263478,0.782855774,1.007641689,0.923743736,1.575157059,0.262081773,1.374468399,1.155295755,1.654221659,1.225973904,1.512614439,2004,224,-72.83333333,-8.569987,248.9166667,-73.41666667,-10.72039767,260.8333333,-64.25,-6.524943067,231.0833333,-69.83333333,-7.463012767,NA,257,1007,192,328,189,345,NA,NA,0.19133729,0.023260166,0.023260166
156,Cape Washington,Washington,WASH,2005,7,14733.90892,2636.202772,10219.33386,10833.48758,14488.34778,19454.82247,20607.49732,-0.197416667,0.802264863,0.188583333,-0.223083333,-0.60175,0.353166667,-0.120416667,-0.166666667,0.576387216,-0.158333333,-0.183333333,-0.35,0.291666667,0.883333333,17/01/2006,18/03/2005,305,282,NA,NA,NA,NA,0,0,NA,NA,NA,NA,0.97836292,0.03067247,1.006468662,0.016046425,0.848645503,0.232190695,0.875067318,0.132218386,1.022568052,1.035548071,0.984306606,1.005843386,1.009476305,1.007344889,1.01096613,0.997533692,1.002231079,0.992151765,1.401249997,3.133213497,0.74272284,1.316086996,0.754675702,0.733281159,1.009398035,1.233263478,0.782855774,1.007641689,0.717126634,0.15833497,1.575157059,1.374468399,1.155295755,1.654221659,1.225973904,2005,191.25,-70.58333333,-7.984069667,214.8333333,-72.75,-12.70544433,242.1666667,-68.41666667,-6.656351767,222.8333333,-69.83333333,-9.197407867,0.04091657,257,1007,192,328,189,345,NA,NA,0.042684824,0.04994228,0.04994228
157,Cape Washington,Washington,WASH,2006,7,14983.93852,2468.42478,10819.34525,11394.08125,14749.2049,19367.40531,20530.39777,0.257166667,0.808554454,-0.197416667,0.188583333,-0.223083333,-0.60175,0.353166667,-0.033333333,0.715697018,-0.166666667,-0.158333333,-0.183333333,-0.35,0.291666667,1/02/2007,11/03/2006,327,305,282,NA,NA,NA,0,0,0,NA,NA,NA,1.018088084,0.009078634,1.008796695,0.02273241,0.782866828,0.150621309,1.10378438,0.088253616,0.97836292,1.022568052,1.035548071,0.984306606,1.005843386,1.006468662,1.007344889,1.01096613,0.997533692,1.002231079,0.848645503,1.401249997,3.133213497,0.74272284,1.316086996,0.875067318,0.733281159,1.009398035,1.233263478,0.782855774,1.028605531,0.136364318,0.717126634,1.575157059,1.374468399,1.155295755,1.654221659,2006,239.3333333,-70.5,-10.987732,209.4166667,-69.91666667,-10.09409567,232.3333333,-66.25,-7.4467162,225.3333333,-68.16666667,-7.457804533,0.016969672,257,1007,192,328,189,345,NA,NA,0.067013456,0.035941355,0.024931214
158,Cape Washington,Washington,WASH,2007,7,14268.09445,2439.759557,10051.75927,10663.60715,14051.52127,18577.72598,19570.42289,-0.468333333,1.016480557,0.257166667,-0.197416667,0.188583333,-0.223083333,-0.60175,0.283333333,0.52254718,-0.033333333,-0.166666667,-0.158333333,-0.183333333,-0.35,25/01/2008,16/03/2007,315,327,305,282,NA,NA,0,0,0,0,NA,NA,0.974418797,0.036084547,0.960061198,0.006045511,0.951707226,0.297434105,1.156879604,0.18408794,1.018088084,0.97836292,1.022568052,1.035548071,0.984306606,1.008796695,1.006468662,1.007344889,1.01096613,0.997533692,0.782866828,0.848645503,1.401249997,3.133213497,0.74272284,1.10378438,0.875067318,0.733281159,1.009398035,1.233263478,0.898022993,0.118147828,1.028605531,0.717126634,1.575157059,1.374468399,1.155295755,2007,212.9166667,-72,-9.797038,213.5833333,-70.16666667,-7.854533067,221,-69.33333333,-5.7262574,237.6666667,-71.83333333,-5.4139201,-0.047774093,257,1007,192,328,189,345,NA,NA,-0.053826755,-0.014970566,-0.007033346
159,Cape Washington,Washington,WASH,2008,7,12627.99759,2202.494298,8797.110587,9349.354542,12446.32079,16506.03305,17453.14421,0.67075,0.725668327,-0.468333333,0.257166667,-0.197416667,0.188583333,-0.223083333,1.116666667,0.536708073,0.283333333,-0.033333333,-0.166666667,-0.158333333,-0.183333333,12/01/2009,12/03/2008,306,315,327,305,282,NA,0,0,0,0,0,NA,0.992188811,0.016590448,1.002701506,0.03259222,1.865745623,0.522551072,1.040955759,0.024708346,0.974418797,1.018088084,0.97836292,1.022568052,1.035548071,0.960061198,1.008796695,1.006468662,1.007344889,1.01096613,0.951707226,0.782866828,0.848645503,1.401249997,3.133213497,1.156879604,1.10378438,0.875067318,0.733281159,1.009398035,1.051735701,0.118454319,0.898022993,1.028605531,0.717126634,1.575157059,1.374468399,2008,228.9166667,-71.08333333,-6.748860533,244.5,-72.33333333,-12.95788567,233.8333333,-68.91666667,-6.486592667,265.3333333,-69.58333333,-7.512064533,-0.114948556,257,1007,192,328,189,345,NA,NA,-0.016886917,0.03097734,0.032830522
160,Cape Washington,Washington,WASH,2009,7,11659.74152,2092.389254,8108.723473,8577.255172,11477.4175,15387.72617,16341.56685,-0.1925,0.80892032,0.67075,-0.468333333,0.257166667,-0.197416667,0.188583333,0.166666667,0.712195354,1.116666667,0.283333333,-0.033333333,-0.166666667,-0.158333333,22/01/2010,10/02/2009,346,306,315,327,305,282,0,0,0,0,0,0,1.012007108,0.014802162,0.983147605,0.025815622,1.377110113,0.272990245,1.008239028,0.016468997,0.992188811,0.974418797,1.018088084,0.97836292,1.022568052,1.002701506,0.960061198,1.008796695,1.006468662,1.007344889,1.865745623,0.951707226,0.782866828,0.848645503,1.401249997,1.040955759,1.156879604,1.10378438,0.875067318,0.733281159,0.903371692,0.106438547,1.051735701,0.898022993,1.028605531,0.717126634,1.575157059,2009,255.3333333,-66.33333333,-7.596008433,227.6666667,-68.66666667,-7.480122867,256.4166667,-66.83333333,-7.070211,249.9166667,-69.91666667,-8.5232341,-0.076675345,257,1007,192,328,189,345,NA,NA,0.102313453,0.074284314,0.073247219
161,Cape Washington,Washington,WASH,2010,7,11300.30851,2024.85182,7746.005766,8230.104211,11156.27002,14850.07042,15665.28956,0.786416667,0.986471866,-0.1925,0.67075,-0.468333333,0.257166667,-0.197416667,0.9,1.12989675,0.166666667,1.116666667,0.283333333,-0.033333333,-0.166666667,2/01/2011,25/03/2010,283,346,306,315,327,305,0,0,0,0,0,0,0.974783817,0.003936604,0.987981553,0.031516371,1.025736712,0.163772048,0.851122589,0.135201825,1.012007108,0.992188811,0.974418797,1.018088084,0.97836292,0.983147605,1.002701506,0.960061198,1.008796695,1.006468662,1.377110113,1.865745623,0.951707226,0.782866828,0.848645503,1.008239028,1.040955759,1.156879604,1.10378438,0.875067318,0.879861115,0.269952316,0.903371692,1.051735701,0.898022993,1.028605531,0.717126634,2010,244.25,-69.25,-9.017639133,233.0833333,-72.5,-11.072754,235.6666667,-65.41666667,-7.388753167,262.5833333,-67.83333333,-10.5194295,-0.030826842,257,1007,192,328,189,345,NA,NA,0.068544298,0.070968,0.079810556
162,Cape Washington,Washington,WASH,2011,7,13399.36876,1908.552332,10168.95522,10590.35513,13213.1557,16807.34217,17632.39181,-0.054666667,1.158141063,0.786416667,-0.1925,0.67075,-0.468333333,0.257166667,1.375,0.748470663,0.9,0.166666667,1.116666667,0.283333333,-0.033333333,13/01/2012,15/03/2011,304,283,346,306,315,327,0,0,0,0,0,0,1.008928868,0.004371327,1.017331077,0.005794841,0.425867387,0.359833483,1.117577343,0.107759592,0.974783817,1.012007108,0.992188811,0.974418797,1.018088084,0.987981553,0.983147605,1.002701506,0.960061198,1.008796695,1.025736712,1.377110113,1.865745623,0.951707226,0.782866828,0.851122589,1.008239028,1.040955759,1.156879604,1.10378438,0.256484147,0.073054344,0.879861115,0.903371692,1.051735701,0.898022993,1.028605531,2011,250.75,-68.16666667,-5.972208733,205.5833333,-68.41666667,-9.646097667,250.5833333,-63.5,-5.743937167,232.75,-67.16666667,-7.549865567,0.185752473,257,1007,192,328,189,345,NA,NA,-0.075533286,-0.052035146,-0.019397514
163,Cape Washington,Washington,WASH,2012,7,14256.77857,2560.261255,9980.229446,10572.66454,13965.35999,18857.1467,20015.3156,0.133166667,0.854832131,-0.054666667,0.786416667,-0.1925,0.67075,-0.468333333,0.2,0.44907312,1.375,0.9,0.166666667,1.116666667,0.283333333,23/01/2013,29/02/2012,329,304,283,346,306,315,0,0,0,0,0,0,0.999577414,0.014767726,1.021847616,0.013239907,1.658092628,0.433709102,1.001165114,0.057331827,1.008928868,0.974783817,1.012007108,0.992188811,0.974418797,1.017331077,0.987981553,0.983147605,1.002701506,0.960061198,0.425867387,1.025736712,1.377110113,1.865745623,0.951707226,1.117577343,0.851122589,1.008239028,1.040955759,1.156879604,0.697991983,0.093119611,0.256484147,0.879861115,0.903371692,1.051735701,0.898022993,2012,243.4166667,-69.41666667,-10.04831967,231.9166667,-69.33333333,-10.23168933,239.4166667,-70.41666667,-6.6299845,204.1666667,-69.91666667,-6.677490333,0.063988821,257,1007,192,328,189,345,NA,NA,0.065692336,0.035158091,0.03392672
164,Cape Washington,Washington,WASH,2013,7,13498.93108,3357.101293,8309.392743,9206.599063,13243.38013,19049.0211,20590.16859,0.031666667,0.880367663,0.133166667,-0.054666667,0.786416667,-0.1925,0.67075,0.45,0.327871926,0.2,1.375,0.9,0.166666667,1.116666667,4/01/2014,2/03/2013,308,329,304,283,346,306,0,0,0,0,0,0,1.028918386,0.023182898,0.995469473,0.039844719,1.257404396,0.189218123,0.932230722,0.085498251,0.999577414,1.008928868,0.974783817,1.012007108,0.992188811,1.021847616,1.017331077,0.987981553,0.983147605,1.002701506,1.658092628,0.425867387,1.025736712,1.377110113,1.865745623,1.001165114,1.117577343,0.851122589,1.008239028,1.040955759,0.996274554,0.144129941,0.697991983,0.256484147,0.879861115,0.903371692,1.051735701,2013,250.8333333,-67.25,-10.45792667,237.0833333,-71.58333333,-8.022603133,236.0833333,-67.58333333,-6.163492833,230,-72.5,-5.946105933,-0.053156994,257,1007,192,328,189,345,NA,NA,0.005072163,0.011938992,0.013226418
165,Cape Washington,Washington,WASH,2014,7,13031.29266,2808.114742,8560.509065,9124.27696,12674.98869,18100.35788,19522.28849,0.079083333,0.666503996,0.031666667,0.133166667,-0.054666667,0.786416667,-0.1925,-0.175,0.467484403,0.45,0.2,1.375,0.9,0.166666667,29/01/2015,22/03/2014,313,308,329,304,283,346,0,0,0,0,0,0,1.008878067,0.028022068,1.001798389,0.02639601,0.595003727,0.37602441,1.130601068,0.163774262,1.028918386,0.999577414,1.008928868,0.974783817,1.012007108,0.995469473,1.021847616,1.017331077,0.987981553,0.983147605,1.257404396,1.658092628,0.425867387,1.025736712,1.377110113,0.932230722,1.001165114,1.117577343,0.851122589,1.008239028,0.892611417,0.114125737,0.996274554,0.697991983,0.256484147,0.879861115,0.903371692,2014,242.8333333,-70.66666667,-8.439758333,212.3333333,-72.66666667,-11.607849,224.5,-72.5,-6.1402588,230.6666667,-69.75,-7.7219035,-0.034642626,257,1007,192,328,189,345,NA,NA,-0.029182757,-0.012629158,-0.000900407
166,Cape Washington,Washington,WASH,2015,7,12791.70238,2542.36065,8748.694755,9250.959532,12468.8005,17390.06952,18662.99973,0.714083333,0.492051735,0.079083333,0.031666667,0.133166667,-0.054666667,0.786416667,-0.833333333,0.438431548,-0.175,0.45,0.2,1.375,0.9,24/01/2016,28/03/2015,302,313,308,329,304,283,0,0,0,0,0,0,1.020634468,0.02816532,1.007989476,0.011317441,1.367719192,0.374980315,1.00070281,0.033051949,1.008878067,1.028918386,0.999577414,1.008928868,0.974783817,1.001798389,0.995469473,1.021847616,1.017331077,0.987981553,0.595003727,1.257404396,1.658092628,0.425867387,1.025736712,1.130601068,0.932230722,1.001165114,1.117577343,0.851122589,0.70740588,0.127654638,0.892611417,0.996274554,0.697991983,0.256484147,0.879861115,2015,211,-72.75,-7.4763182,227.9166667,-74.5,-10.87288417,247.4166667,-70.66666667,-6.5680135,224,-70.25,-8.371236167,-0.018385765,257,1007,192,328,189,345,NA,NA,-0.138848073,-0.064957962,-0.047883591
167,Cape Washington,Washington,WASH,2016,7,13143.95188,2612.712802,9021.276371,9495.700764,12810.71655,17885.7175,19127.55869,0.566833333,1.257792632,0.714083333,0.079083333,0.031666667,0.133166667,-0.054666667,-0.141666667,0.774013709,-0.833333333,-0.175,0.45,0.2,1.375,25/12/2016,20/03/2016,280,302,313,308,329,304,0,0,0,0,0,0,1.007565177,0.01289433,1.001104423,0.012138425,0.720063952,0.256286003,0.882915747,0.127921493,1.020634468,1.008878067,1.028918386,0.999577414,1.008928868,1.007989476,1.001798389,0.995469473,1.021847616,1.017331077,1.367719192,0.595003727,1.257404396,1.658092628,0.425867387,1.00070281,1.130601068,0.932230722,1.001165114,1.117577343,0.639177897,0.257059806,0.70740588,0.892611417,0.996274554,0.697991983,0.256484147,2016,220,-70.41666667,-9.860087,223.5,-72.5,-9.331746433,220.9166667,-70.41666667,-8.303690667,224.3333333,-72.66666667,-7.3230795,0.027537343,257,1007,192,328,189,345,NA,NA,-0.081455103,-0.037323532,-0.016968775
168,Cape Washington,Washington,WASH,2017,7,12667.43867,3054.336648,7931.378284,8745.426803,12493.0519,17676.10026,18969.90509,0.446,0.650038204,0.566833333,0.714083333,0.079083333,0.031666667,0.133166667,0.383333333,0.260874597,-0.141666667,-0.833333333,-0.175,0.45,0.2,13/01/2018,18/03/2017,301,280,302,313,308,329,0,0,0,0,0,0,0.959317532,0.016262675,1.005547386,0.008854627,0.718476763,0.291413398,1.162643401,0.132455049,1.007565177,1.020634468,1.008878067,1.028918386,0.999577414,1.001104423,1.007989476,1.001798389,0.995469473,1.021847616,0.720063952,1.367719192,0.595003727,1.257404396,1.658092628,0.882915747,1.00070281,1.130601068,0.932230722,1.001165114,0.163005138,0.237814154,0.639177897,0.70740588,0.892611417,0.996274554,0.697991983,2017,223.1666667,-70.33333333,-9.597391667,229.3333333,-73.66666667,-11.2891235,217.25,-64.33333333,-8.367289,236,-70.58333333,-8.318725667,-0.03625342,257,1007,192,328,189,345,NA,NA,-0.069608632,-0.045726432,-0.02237122
169,Cape Washington,Washington,WASH,2018,7,12446.78511,2103.119341,8955.38849,9406.791987,12231.15044,16193.31325,17136.99441,0.42875,0.730429112,0.446,0.566833333,0.714083333,0.079083333,0.031666667,0.208333333,0.354632047,0.383333333,-0.141666667,-0.833333333,-0.175,0.45,20/01/2019,7/03/2018,319,301,280,302,313,308,0,0,0,0,0,0,0.97550438,0.02098332,1.000337899,0.017985072,2.271583244,1.109571243,1.041124519,0.016352841,0.959317532,1.007565177,1.020634468,1.008878067,1.028918386,1.005547386,1.001104423,1.007989476,1.001798389,0.995469473,0.718476763,0.720063952,1.367719192,0.595003727,1.257404396,1.162643401,0.882915747,1.00070281,1.130601068,0.932230722,0.260521203,0.157182787,0.163005138,0.639177897,0.70740588,0.892611417,0.996274554,2018,224.75,-68.66666667,-9.419861,232.4166667,-72.75,-8.543803,264.0833333,-67.08333333,-8.268859867,253.3333333,-68.91666667,-9.017110167,-0.017418956,257,1007,192,328,189,345,NA,NA,0.012030634,0.00362538,0.028776576
170,Cape Washington,Washington,WASH,2019,7,12408.20057,2282.479547,8729.814062,9196.498214,12144.9917,16526.15147,17607.56609,-0.1645,0.959004301,0.42875,0.446,0.566833333,0.714083333,0.079083333,-0.45,0.193649167,0.208333333,0.383333333,-0.141666667,-0.833333333,-0.175,11/01/2020,12/04/2019,274,319,301,280,302,313,0,0,0,0,0,0,0.975429764,0.009523409,0.974328628,0.020135294,0.791330154,0.225044263,0.919675703,0.035497102,0.97550438,0.959317532,1.007565177,1.020634468,1.008878067,1.000337899,1.005547386,1.001104423,1.007989476,1.001798389,2.271583244,0.718476763,0.720063952,1.367719192,0.595003727,1.041124519,1.162643401,0.882915747,1.00070281,1.130601068,0.537867819,0.042914649,0.260521203,0.163005138,0.639177897,0.70740588,0.892611417,2019,212.3333333,-71.16666667,-11.1125285,209.5833333,-72.33333333,-12.02191167,207.3333333,-68.66666667,-5.275268567,251.6666667,-68.75,-6.814595667,-0.00309996,257,1007,192,328,189,345,NA,NA,-0.060918632,-0.069453377,-0.029774197
171,Cape Washington,Washington,WASH,2020,7,10520.48978,2404.741214,6602.030864,7106.254721,10253.45233,14833.43178,16028.99818,0.427416667,0.762780818,-0.1645,0.42875,0.446,0.566833333,0.714083333,0.45,0.487339717,-0.45,0.208333333,0.383333333,-0.141666667,-0.833333333,6/01/2021,4/04/2020,277,274,319,301,280,302,0,0,0,0,0,0,0.982810609,0.007255264,1.001316077,0.030992678,0.451635422,0.333002405,0.894296429,0.104374824,0.975429764,0.97550438,0.959317532,1.007565177,1.020634468,0.974328628,1.000337899,1.005547386,1.001104423,1.007989476,0.791330154,2.271583244,0.718476763,0.720063952,1.367719192,0.919675703,1.041124519,1.162643401,0.882915747,1.00070281,0.43767777,0.23825314,0.537867819,0.260521203,0.163005138,0.639177897,0.70740588,2020,212.1666667,-74.25,-9.6526488,199,-69.75,-10.28902167,256.8333333,-68.83333333,-7.724507467,236.75,-71.5,-9.598205667,-0.152134129,257,1007,192,328,189,345,NA,NA,-0.014959116,-0.034308095,-0.023029157
172,Cape Washington,Washington,WASH,2021,7,9601.555638,2271.782922,6012.068553,6439.817208,9319.943393,13777.07361,14808.92985,0.781083333,0.730269865,0.427416667,-0.1645,0.42875,0.446,0.566833333,0.883333333,0.348409083,0.45,-0.45,0.208333333,0.383333333,-0.141666667,6/01/2022,1/04/2021,280,277,274,319,301,280,0,0,0,0,0,0,1.015650558,0.015769348,0.99304659,0.013505678,0.322145696,0.299610739,0.883817496,0.105824578,0.982810609,0.975429764,0.97550438,0.959317532,1.007565177,1.001316077,0.974328628,1.000337899,1.005547386,1.001104423,0.451635422,0.791330154,2.271583244,0.718476763,0.720063952,0.894296429,0.919675703,1.041124519,1.162643401,0.882915747,0.703621309,0.584315242,0.43767777,0.537867819,0.260521203,0.163005138,0.639177897,2021,199.5,-70.58333333,-7.367818333,248.1666667,-69.91666667,-9.370544667,253.5,-70.41666667,-10.208822,253.4166667,-70.25,-10.31890867,-0.087347088,257,1007,192,328,189,345,NA,NA,-0.076515123,-0.083996338,-0.076553741
173,Cape Washington,Washington,WASH,2022,7,9310.318463,2099.975857,6067.486693,6464.328983,9033.876455,13159.43162,14151.40758,0.681083333,0.690122267,0.781083333,0.427416667,-0.1645,0.42875,0.446,1.308333333,0.189113429,0.883333333,0.45,-0.45,0.208333333,0.383333333,17/01/2023,25/03/2022,298,280,277,274,319,301,0,0,0,0,0,0,0.966468457,0.019807767,0.977057148,0.013949488,0.328561032,0.259135576,1.140691321,0.230974649,1.015650558,0.982810609,0.975429764,0.97550438,0.959317532,0.99304659,1.001316077,0.974328628,1.000337899,1.005547386,0.322145696,0.451635422,0.791330154,2.271583244,0.718476763,0.883817496,0.894296429,0.919675703,1.041124519,1.162643401,0.16627639,0.138342008,0.703621309,0.43767777,0.537867819,0.260521203,0.163005138,2022,233.0833333,-70.33333333,-8.8834635,220.75,-72,-11.44244367,230.4166667,-70.66666667,-8.930318167,257.25,-70,-9.564412333,-0.030332291,257,1007,192,328,189,345,NA,NA,-0.085252207,-0.082681097,-0.104791738
174,Cape Washington,Washington,WASH,2023,7,8610.086467,2132.908746,5434.820498,5776.888235,8298.432518,12521.0544,13708.07784,0.244083333,1.019156797,0.681083333,0.781083333,0.427416667,-0.1645,0.42875,-0.091666667,0.743256723,1.308333333,0.883333333,0.45,-0.45,0.208333333,19/01/2024,18/03/2023,307,298,280,277,274,319,0,0,0,0,0,0,1.02252002,0.032744371,1.01840448,0.03621445,2.164609886,0.868496367,1.041894265,0.057203547,0.966468457,1.015650558,0.982810609,0.975429764,0.97550438,0.977057148,0.99304659,1.001316077,0.974328628,1.000337899,0.328561032,0.322145696,0.451635422,0.791330154,2.271583244,1.140691321,0.883817496,0.894296429,0.919675703,1.041124519,0.248603885,0.143956843,0.16627639,0.703621309,0.43767777,0.537867819,0.260521203,2023,257.75,-68.33333333,-8.068359333,216.8333333,-70.91666667,-13.14676917,273.75,-68.33333333,-10.58652767,232.5833333,-70.25,-7.989013667,-0.075210316,257,1007,192,328,189,345,NA,NA,-0.039532169,-0.028348384,-0.0426656
175,Cape Washington,Washington,WASH,2024,7,8285.588947,2182.344542,5137.807472,5488.218867,7911.462048,12282.64671,13581.99284,0.00225,0.914392706,0.244083333,0.681083333,0.781083333,0.427416667,-0.1645,0.108333333,0.340240928,-0.091666667,1.308333333,0.883333333,0.45,-0.45,8/01/2025,16/03/2024,298,307,298,280,277,274,0,0,0,0,0,0,1.024975149,0.007586449,1.007384502,0.009966335,1.132225888,0.113844109,0.927068365,0.074316379,1.02252002,0.966468457,1.015650558,0.982810609,0.975429764,1.01840448,0.977057148,0.99304659,1.001316077,0.974328628,2.164609886,0.328561032,0.322145696,0.451635422,0.791330154,1.041894265,1.140691321,0.883817496,0.894296429,0.919675703,0.297513406,0.166700425,0.248603885,0.16627639,0.703621309,0.43767777,0.537867819,2024,195.75,-72.25,-13.1242675,NA,NA,NA,217,-72,-7.672546333,NA,NA,NA,-0.037688068,257,1007,192,328,189,345,NA,NA,0.003981479,0.007716767,-0.004861299
