,colony_name,site_id,group,image_id,date,month,day,year,DOY,lat,lon,avg_size,area_m2,phenology_est,removed,observation(1-5),grazing,incidence,azimuth,resolution,looks,orbit_state,polarization,slant_range,surface_type,obs,date_time,time,time_UTC,date_UTC,ts,met_ff10,temp_airK,met_humc,met_rad,d2m,rh_water,rh_ice
50,Beaufort,BEAU,1,2025-04-24-11-17-15_UMBRA-05_MM,24/04/2025,4,24,2025,114,-76.932184,166.941618,1418,NA,NA,,1,49.34143953,40.65856047,85.37114276,0.25,2,ascending,VV,630049.4603,rough,1,24/04/2025 11:17,11:17:15,11:17:15 UTC,24/04/2025,24/04/2025 11:17,3.6136295795440674,254.16360473632812,99.52582214577839,0,252.0032958984375,82.89353259337175,99.52582214577839
51,Beaufort,BEAU,1,2025-05-22-11-29-03_UMBRA-05_MM,22/05/2025,5,22,2025,142,-76.932184,166.941618,1418,NA,NA,,1,50.87347134,39.12652866,97.92456149,0.25,2,ascending,VV,603301.1511,rough,1,22/05/2025 11:29,11:29:03,11:29:03 UTC,22/05/2025,22/05/2025 11:29,3.0136325359344482,252.5375977,82.15506704785994,0,248.1046905517578,67.36860075076974,82.15506704785994
52,Beaufort,BEAU,1,2025-06-14-21-56-50_UMBRA-08_MM,14/06/2025,6,14,2025,165,-76.932184,166.941618,1418,125.141229,females present,,2,52.59716472,37.40283528,329.7572663,0.25,2,descending,HH,605120.8891,rough,2,14/06/2025 21:56,21:56:50,21:56:50 UTC,14/06/2025,14/06/2025 21:56,3.2314565181732178,263.8573913574219,82.52865356366166,0,260.3405456542969,75.45931857658663,82.52865356366166
53,Beaufort,BEAU,1,2025-06-30-11-42-52_UMBRA-05_MM,30/06/2025,6,30,2025,181,-76.932184,166.941618,1418,NA,NA,,1,55.26661945,34.73338055,101.2542365,0.25,2,ascending,HH,568110.475,rough,1,30/06/2025 11:42,11:42:52,11:42:52 UTC,30/06/2025,30/06/2025 11:42,3.669478416442871,253.0584716796875,103.4116758740965,0,251.23313903808594,85.22305230764455,103.4116758740965
54,Beaufort,BEAU,1,2025-07-09-19-47-05_UMBRA-10_MM,9/07/2025,7,9,2025,190,-76.932184,166.941618,1418,94.54706,male huddle,,2,50.58031928,39.41968072,123.6597115,0.25,2,descending,VV,729239.8836,rough,2,9/07/2025 19:47,19:47:05,19:47:05 UTC,9/07/2025,9/07/2025 19:47,1.1532632112503052,250.17575073242188,98.26550960830902,0,247.53570556640625,78.78315464598315,98.26550960830902
55,Beaufort,BEAU,1,2025-08-21-11-47-30_UMBRA-05_MM,21/08/2025,8,21,2025,233,-76.932184,166.941618,1418,NA,NA,,1,53.69450998,36.30549002,101.6830566,0.25,2,ascending,VV,553227.5924,rough,1,21/08/2025 11:47,11:47:30,11:47:30 UTC,21/08/2025,21/08/2025 11:47,2.059678077697754,248.57920837402344,102.04446887673278,0,246.22137451171875,80.58011108364391,102.04446887673278
1,Colbeck,COLB,1,2025-04-23-16-24-49_UMBRA-05_MM.tif,23/04/2025,4,23,2025,113,-77.1514,-157.5841,22337,7329.253658,females present,,3,51.62186592,38.37813408,105.75,0.25,2,descending,VV,613285.2349,first year,3,23/04/2025 16:24,16:24:49,16:24:49 UTC,23/04/2025,23/04/2025 16:24,2.420069456100464,251.36387634277344,72.01867705982475,0,245.43545532226562,58.397968088281985,72.01867705982475
2,Colbeck,COLB,1,2025-05-13-16-28-26_UMBRA-05_MM.tif,13/05/2025,5,13,2025,133,-77.1514,-157.5841,22337,4911.599862,females present,,5,51.98808256,38.01191744,105.2042923,0.25,2,descending,VV,598414.7466,first year,5,13/05/2025 16:28,16:28:26,16:28:26 UTC,13/05/2025,13/05/2025 16:28,8.842713356018066,252.0218505859375,67.18845968484702,0,245.37908935546875,54.82473323892067,67.18845968484702
3,Colbeck,COLB,1,2025-05-22-19-45-16_UMBRA-09_MM.tif,22/05/2025,5,22,2025,142,-77.1514,-157.5841,22337,NA,females present,Y,2,55.20389871,34.79610129,329.9461711,0.25,2,descending,HH,691414.4517,first year,5,22/05/2025 19:45,19:45:16,19:45:16 UTC,22/05/2025,22/05/2025 19:45,10.282166481018066,258.3897399902344,81.37654318277984,0,254.2584228515625,70.58598036756975,81.37654318277984
4,Colbeck,COLB,1,2025-06-05-11-10-15_UMBRA-05_MM.tif,5/06/2025,6,5,2025,156,-77.1514,-157.5841,22337,4918.799642,females present,,5,51.53095999,38.46904001,186.3429225,0.25,2,ascending,VV,595509.6244,first year,5,5/06/2025 11:10,11:10:15,11:10:15 UTC,5/06/2025,5/06/2025 11:10,3.4934349060058594,249.00230407714844,90.14323647822073,0,245.3422393798828,71.46885666119972,90.14323647822073
5,Colbeck,COLB,1,2025-06-13-19-58-31_UMBRA-10_MM.tif,13/06/2025,6,13,2025,164,-77.1514,-157.5841,22337,4211.869565,females present,,5,51.00853063,38.99146937,321.3472879,0.25,2,descending,VV,725884.6727,first year,5,13/06/2025 19:58,19:58:31,19:58:31 UTC,13/06/2025,13/06/2025 19:58,7.019651412963867,262.5231934,62.50980289521163,0,255.5685272216797,56.42442372,62.50980289521163
6,Colbeck,COLB,1,2025-06-30-10-34-02_UMBRA-08_MM.tif,30/06/2025,6,30,2025,181,-77.1514,-157.5841,22337,3636.474049,male huddle,,5,56.09649397,33.90350603,100.0814838,0.25,2,ascending,HH,581176.8578,first year,5,30/06/2025 10:34,10:34:02,10:34:02 UTC,30/06/2025,30/06/2025 10:34,9.316276550292969,261.2472229003906,88.26710233,0,258.31646728515625,78.69991181,88.26710233
7,Colbeck,COLB,1,2025-07-08-10-22-39_UMBRA-10_MM.tif,8/07/2025,7,8,2025,189,-77.1514,-157.5841,22337,3057.055053,male huddle,,5,48.93657732,41.06342268,80.9557758,0.25,2,ascending,VV,745074.9842,first year,5,8/07/2025 10:22,10:22:39,10:22:39 UTC,8/07/2025,8/07/2025 10:22,9.905065536499023,241.56207275390625,83.61585230168296,0,236.71141052246094,61.810347074878294,83.61585230168296
8,Colbeck,COLB,1,2025-07-25-10-41-25_UMBRA-10_MM.tif,25/07/2025,7,25,2025,206,-77.1514,-157.5841,22337,3049.715899,male huddle,,5,51.78530553,38.21469447,101.6623896,0.25,2,ascending,VV,717402.3694,first year,5,25/07/2025 10:41,10:41:25,10:41:25 UTC,25/07/2025,25/07/2025 10:41,1.9092445373535156,239.3285369873047,97.04096946691334,0,235.824707,70.26544413,97.04096946691334
9,Colbeck,COLB,1,2025-08-06-10-31-10_UMBRA-08_MM.tif,6/08/2025,8,6,2025,218,-77.1514,-157.5841,22337,2371.462417,male huddle,,5,51.82971728,38.17028272,102.2071084,0.25,2,ascending,VV,599179.2952,first year,5,6/08/2025 10:31,10:31:10,10:31:10 UTC,6/08/2025,6/08/2025 10:31,7.456151962280273,246.97877502441406,93.51188835388069,0,243.5714111328125,72.73081575187395,93.51188835388069
10,Colbeck,COLB,1,2025-08-20-09-23-20_UMBRA-05_MM.tif,20/08/2025,8,20,2025,232,-77.1514,-157.5841,22337,2347.271046,male huddle,,5,51.73116322,38.26883678,100.7861399,0.25,2,ascending,VV,567162.9635,first year,5,20/08/2025 9:23,9:23:20,09:23:20 UTC,20/08/2025,20/08/2025 9:23,7.775082111358643,249.0206756591797,75.55202658242663,0,243.48745727539062,59.910869905797995,75.55202658242663
11,Colbeck,COLB,1,2025-08-29-09-11-48_UMBRA-05_MM.tif,29/08/2025,8,29,2025,241,-77.1514,-157.5841,22337,NA,female return,,2,49.17765875,40.82234125,82.24706112,0.25,2,ascending,VV,579818.2137,first year,2,29/08/2025 9:11,9:11:48,09:11:48 UTC,29/08/2025,29/08/2025 9:11,2.9901278018951416,253.88343811035156,96.02765316756883,0,251.29209899902344,79.76549069392851,96.02765316756883
40,Coulman,COUL,1,2025-04-25-12-11-23_UMBRA-08_MM.tif,25/04/2025,4,25,2025,115,-73.3544,169.6198,26498,967.338643,females present,,3,51.67115671,38.32884329,106.9867754,0.25,2,ascending,VV,626377.1068,first year,3,25/04/2025 12:11,12:11:23,12:11:23 UTC,25/04/2025,25/04/2025 12:11,6.260251045227051,252.53265380859375,80.93180050259917,0,247.9346466064453,66.36236280205453,80.93180050259917
41,Coulman,COUL,1,2025-05-13-12-24-35_UMBRA-09_MM.tif,13/05/2025,5,13,2025,133,-73.3544,169.6198,26498,3410.193613,females present,,5,51.05548665,38.94451335,103.9433348,0.25,2,ascending,VV,726724.3167,first year,5,13/05/2025 12:24,12:24:35,12:24:35 UTC,13/05/2025,13/05/2025 12:24,5.079878807067871,251.47039794921875,96.63182307607646,0,248.7496795654297,78.43581476452783,96.63182307607646
42,Coulman,COUL,1,2025-05-23-12-28-48_UMBRA-05_MM.tif,23/05/2025,5,23,2025,143,-73.3544,169.6198,26498,4120.561655,females present,,5,50.54536145,39.45463855,205.5801068,0.25,2,ascending,VV,605686.4973,first year,5,23/05/2025 12:28,12:28:48,12:28:48 UTC,23/05/2025,23/05/2025 12:28,10.040888786315918,255.28732299804688,73.50704772455428,0,249.79019165039062,61.88640352616665,73.50704772455428
43,Coulman,COUL,1,2025-06-02-14-24-54_UMBRA-10_MM.tif,2/06/2025,6,2,2025,153,-73.3544,169.6198,26498,4248.157963,females present,,5,48.74759062,41.25240938,218.7932801,0.25,2,ascending,VV,749187.2388,first year,5,2/06/2025 14:24,14:24:54,14:24:54 UTC,2/06/2025,2/06/2025 14:24,4.8247904777526855,255.43746948242188,93.74471441,0,252.7041778564453,79.03856184547058,93.74471441
44,Coulman,COUL,1,2025-06-13-11-08-34_UMBRA-05_MM.tif,13/06/2025,6,13,2025,164,-73.3544,169.6198,26498,4774.607166,females present,,2,54.829221,35.170779,105.8614998,0.25,2,ascending,VV,571464.8228,first year,2,13/06/2025 11:08,11:08:34,11:08:34 UTC,13/06/2025,13/06/2025 11:08,9.439416885375977,267.3267517089844,60.667372763111075,0,260.2805176,57.358432711043164,60.667372763111075
45,Coulman,COUL,1,2025-06-30-13-42-09_UMBRA-08_MM.tif,30/06/2025,6,30,2025,181,-73.3544,169.6198,26498,3228.72969,male huddle,,5,51.03608816,38.96391184,202.4763101,0.25,2,ascending,VV,615999.1187,first year,5,30/06/2025 13:42,13:42:09,13:42:09 UTC,30/06/2025,30/06/2025 13:42,2.766312837600708,248.0981903076172,92.83854139,0,244.69081115722656,72.97673743290537,92.83854139
46,Coulman,COUL,1,2025-07-11-12-39-22_UMBRA-05_MM.tif,11/07/2025,7,11,2025,192,-73.3544,169.6198,26498,2559.979884,male huddle,,5,49.18397642,40.81602358,217.3458552,0.25,2,ascending,VV,609297.7436,first year,5,11/07/2025 12:39,12:39:22,12:39:22 UTC,11/07/2025,11/07/2025 12:39,3.4306111335754395,252.5204620361328,98.63518054148244,0,250.11508178710938,80.86932971679725,98.63518054148244
47,Coulman,COUL,1,2025-07-24-13-58-52_UMBRA-10_MM.tif,24/07/2025,7,24,2025,205,-73.3544,169.6198,26498,2078.946924,male huddle,,5,56.78938387,33.21061613,268.654085,0.25,2,ascending,HH,677975.4849,first year,5,24/07/2025 13:58,13:58:52,13:58:52 UTC,24/07/2025,24/07/2025 13:58,3.217087507247925,244.2169647216797,101.17322946665756,0,241.43975830078125,76.66801908177477,101.17322946665756
48,Coulman,COUL,1,2025-08-06-22-22-58_UMBRA-10_MM.tif,6/08/2025,8,6,2025,218,-73.3544,169.6198,26498,1827.940273,male huddle,,5,57.29969341,32.70030659,257.0087142,0.25,2,descending,VV,673056.1565,first year,5,6/08/2025 22:22,22:22:58,22:22:58 UTC,6/08/2025,6/08/2025 22:22,3.720524787902832,244.4098358154297,95.74019190474813,0,241.0773926,72.68242104,95.74019190474813
49,Coulman,COUL,1,2025-08-21-20-59-15_UMBRA-05_MM.tif,21/08/2025,8,21,2025,233,-73.3544,169.6198,26498,1867.607187,female return,,5,53.50305256,36.49694744,325.5967492,0.25,2,descending,HH,553330.056,first year,5,21/08/2025 20:59,20:59:15,20:59:15 UTC,21/08/2025,21/08/2025 20:59,3.076186180114746,248.05865478515625,76.47894314297487,0,242.60655212402344,60.094563364834855,76.47894314297487
12,Crozier,CROZ,1,2025-04-24-20-33-54_UMBRA-05_MM.tif,24/04/2025,4,24,2025,114,-77.448746,169.277041,1071,420.255655,females present,,5,50.98557094,39.01442905,326.4649287,0.25,2,descending,VV,616829.8323,first year,5,24/04/2025 20:33,20:33:54,20:33:54 UTC,24/04/2025,24/04/2025 20:33,3.8032217025756836,257.8622131347656,95.5047884,0,255.56114196777344,82.42129016,95.5047884
13,Crozier,CROZ,1,2025-05-22-20-45-10_UMBRA-05_MM.tif,22/05/2025,5,22,2025,142,-77.448746,169.277041,1071,578.068435,females present,,5,49.51972186,40.48027814,308.6487451,0.25,2,descending,VV,613238.0219,first year,5,22/05/2025 20:45,20:45:10,20:45:10 UTC,22/05/2025,22/05/2025 20:45,10.580774307250977,247.73561096191406,70.14206363184476,0,241.3726806640625,54.94674014001683,70.14206363184476
14,Crozier,CROZ,1,2025-06-14-21-57-34_UMBRA-08_MM.tif,14/06/2025,6,14,2025,165,-77.448746,169.277041,1071,NA,females present,Y,2,51.674491,38.325509,284.7955472,0.25,2,descending,VV,612603.1898,first year,5,14/06/2025 21:57,21:57:34,21:57:34 UTC,14/06/2025,14/06/2025 21:57,6.682188987731934,264.3945007324219,64.83350421184785,0,257.9811706542969,59.58787060375109,64.83350421184785
15,Crozier,CROZ,1,2025-06-30-22-00-08_UMBRA-10_MM.tif,30/06/2025,6,30,2025,181,-77.448746,169.277041,1071,364.499561,male huddle,,5,53.70144592,36.29855408,330.490933,0.25,2,descending,HH,703436.5131,first year,5,30/06/2025 22:00,22:00:08,22:00:08 UTC,30/06/2025,30/06/2025 22:00,3.791128158569336,249.42320251464844,96.44364674073887,0,246.52093505859375,76.77062864942421,96.44364674073887
16,Crozier,CROZ,1,2025-07-18-20-33-18_UMBRA-05_MM.tif,18/07/2025,7,18,2025,199,-77.448746,169.277041,1071,365.680652,male huddle,,5,53.43809509,36.56190491,330.4317827,0.25,2,descending,HH,574398.2707,first year,5,18/07/2025 20:33,20:33:18,20:33:18 UTC,18/07/2025,18/07/2025 20:33,2.1054484844207764,249.17037963867188,54.90780592908658,0,240.3352813720703,43.60251470142798,54.90780592908658
17,Crozier,CROZ,1,2025-08-05-21-55-26_UMBRA-08_MM.tif,5/08/2025,8,5,2025,217,-77.448746,169.277041,1071,254.63182,male huddle,,5,50.50673481,39.49326519,320.3764588,0.25,2,descending,VV,608759.7221,first year,5,5/08/2025 21:55,21:55:26,21:55:26 UTC,5/08/2025,5/08/2025 21:55,3.0865230560302734,249.5244903564453,100.43351731656101,0,247.0703125,80.02368822425521,100.43351731656101
18,Crozier,CROZ,1,2025-08-21-21-53-55_UMBRA-08_MM.tif,21/08/2025,8,21,2025,233,-77.448746,169.277041,1071,230.528329,female return,,5,51.11960368,38.88039632,323.5818101,0.25,2,descending,VV,597208.3164,first year,5,21/08/2025 21:53,21:53:55,21:53:55 UTC,21/08/2025,21/08/2025 21:53,3.8626787662506104,250.4070281982422,100.21331178208742,0,248.0008087158203,80.52201052320667,100.21331178208742
19,Franklin,FRAN,1,2025-04-24-14-11-40_UMBRA-08_MM.tif,24/04/2025,4,24,2025,114,-76.17738,168.394475,6352,609.83833,females present,,4,54.39013119,35.60986881,188.5554172,0.25,2,ascending,HH,608312.0912,first year,4,24/04/2025 14:11,14:11:40,14:11:40 UTC,24/04/2025,24/04/2025 14:11,3.958878993988037,252.11228942871094,97.01892287926678,0,249.4882049560547,79.23437887,97.01892287926678
20,Franklin,FRAN,1,2025-05-22-19-46-34_UMBRA-10_MM.tif,22/05/2025,5,22,2025,142,-76.17738,168.394475,6352,1202.21264,females present,,5,49.42977965,40.57022035,132.7403467,0.25,2,ascending,VV,742252.7741,first year,5,22/05/2025 19:46,19:46:34,19:46:34 UTC,22/05/2025,22/05/2025 19:46,3.5591464042663574,251.35653686523438,93.47506600970833,0,248.2603759765625,75.79105472,93.47506600970833
21,Franklin,FRAN,1,2025-06-14-12-39-53_UMBRA-08_MM.tif,14/06/2025,6,14,2025,165,-76.17738,168.394475,6352,1198.033523,females present,,5,54.81009221,35.18990779,102.5685226,0.25,2,ascending,HH,591276.3639,first year,5,14/06/2025 12:39,12:39:53,12:39:53 UTC,14/06/2025,14/06/2025 12:39,4.406888008117676,259.98138427734375,100.77039738515336,0,258.5290832519531,88.75843572281993,100.77039738515336
22,Franklin,FRAN,1,2025-06-30-12-32-59_UMBRA-10_MM.tif,30/06/2025,6,30,2025,181,-76.17738,168.394475,6352,647.336902,male huddle,,5,48.88147172,41.11852828,82.16980463,0.25,2,ascending,VV,746581.3586,first year,5,30/06/2025 12:32,12:32:59,12:32:59 UTC,30/06/2025,30/06/2025 12:32,2.4642608165740967,252.33294677734375,99.76609065630737,0,250.03919982910156,81.65000765888269,99.76609065630737
23,Franklin,FRAN,1,2025-07-22-12-32-35_UMBRA-09_MM.tif,22/07/2025,7,22,2025,203,-76.17738,168.394475,6352,792.976836,male huddle,,5,48.31305999,41.68694001,74.46605023,0.25,2,ascending,VV,748860.2621,first year,5,22/07/2025 12:32,12:32:35,12:32:35 UTC,22/07/2025,22/07/2025 12:32,0.6215075850486755,251.24154663085938,99.93858145802109,0,248.8743896484375,80.94288779330587,99.93858145802109
24,Franklin,FRAN,1,2025-08-06-11-16-49_UMBRA-05_MM.tif,6/08/2025,8,6,2025,218,-76.17738,168.394475,6352,596.146979,male huddle,,5,48.81968837,41.18031163,80.70389035,0.25,2,ascending,VV,597895.9293,first year,5,6/08/2025 11:16,11:16:49,11:16:49 UTC,6/08/2025,6/08/2025 11:16,5.072870254516602,248.35963439941406,106.27694739972888,0,246.4229736328125,83.74759479325112,106.27694739972888
25,Franklin,FRAN,1,2025-08-24-12-59-37_UMBRA-10_MM.tif,24/08/2025,8,24,2025,236,-76.17738,168.394475,6352,830.181873,female return,,5,54.78044151,35.21955849,103.2578898,0.25,2,ascending,HH,689572.187,first year,5,24/08/2025 12:59,12:59:37,12:59:37 UTC,24/08/2025,24/08/2025 12:59,14.899229049682617,257.1086730957031,87.86289949834962,0,253.76763916015625,75.2786367,87.86289949834962
26,Roget,ROGE,1,2025-04-25-12-20-05_UMBRA-05_MM.tif,25/04/2025,4,25,2025,115,-71.983066,170.607817,7985,1533.697375,females present,,2,48.31375392,41.68624608,232.0802367,0.25,2,ascending,VV,637469.529,rough,2,25/04/2025 12:20,12:20:05,12:20:05 UTC,25/04/2025,25/04/2025 12:20,4.960875034332275,251.87249755859375,69.14081398040572,0,245.5303497314453,56.337368878182176,69.14081398040572
27,Roget,ROGE,1,2025-05-22-13-15-37_UMBRA-08_MM.tif,22/05/2025,5,22,2025,142,-71.983066,170.607817,7985,1615.493722,females present,,3,53.74397715,36.25602285,200.4443121,0.25,2,ascending,HH,602852.7357,rough,3,22/05/2025 13:15,13:15:37,13:15:37 UTC,22/05/2025,22/05/2025 13:15,5.806961536407471,254.4305419921875,71.82873078617864,0,248.62918090820312,59.978353738084486,71.82873078617864
28,Roget,ROGE,1,2025-06-13-12-08-12_UMBRA-10_MM.tif,13/06/2025,6,13,2025,164,-71.983066,170.607817,7985,1280.480471,females present,,2,49.14268448,40.85731552,87.26589763,0.25,2,ascending,VV,743205.062,rough,2,13/06/2025 12:08,12:08:12,12:08:12 UTC,13/06/2025,13/06/2025 12:08,3.244417428970337,261.5397949,54.933938650598996,0,253.0364532470703,49.11805798842003,54.933938650598996
29,Roget,ROGE,1,2025-06-30-12-09-20_UMBRA-08_MM.tif,30/06/2025,6,30,2025,181,-71.983066,170.607817,7985,1466.330336,male huddle,,3,53.41807933,36.58192067,107.9107977,0.25,2,ascending,VV,597717.5703,rough,3,30/06/2025 12:09,12:09:20,12:09:20 UTC,30/06/2025,30/06/2025 12:09,0.3568153977394104,249.8631591796875,102.90074255430456,0,247.70188903808594,82.25419452250311,102.90074255430456
30,Roget,ROGE,1,2025-07-18-21-04-47_UMBRA-08_MM.tif,18/07/2025,7,18,2025,199,-71.983066,170.607817,7985,1270.150551,male huddle,,3,56.25798511,33.74201489,88.21887459,0.25,2,descending,HH,574416.5097,rough,3,18/07/2025 21:04,21:04:47,21:04:47 UTC,18/07/2025,18/07/2025 21:04,3.609531879425049,257.2602233886719,42.969147801203746,0,245.9348907470703,36.868538607246585,42.969147801203746
31,Roget,ROGE,1,2025-08-06-12-06-27_UMBRA-08_MM.tif,6/08/2025,8,6,2025,218,-71.983066,170.607817,7985,1309.760561,male huddle,,3,50.68559099,39.31440901,100.4748682,0.25,2,ascending,VV,606456.6428,rough,3,6/08/2025 12:06,12:06:27,12:06:27 UTC,6/08/2025,6/08/2025 12:06,3.481701612472534,249.8989258,59.02180770964229,0,241.82107543945312,47.19542741826941,59.02180770964229
32,Roget,ROGE,1,2025-08-20-20-55-31_UMBRA-08_MM.tif,20/08/2025,8,20,2025,232,-71.983066,170.607817,7985,576.459009,female return,,2,50.19641764,39.80358236,103.4118845,0.25,2,descending,VV,604004.273,rough,2,20/08/2025 20:55,20:55:31,20:55:31 UTC,20/08/2025,20/08/2025 20:55,0.5919172167778015,247.33612060546875,65.50737427493627,0,240.25860595703125,51.12229632770877,65.50737427493627
33,Washington,WASH,1,2025-04-24-12-50-40_UMBRA-05_MM.tif,24/04/2025,4,24,2025,114,-74.645037,165.388537,14040,2008.24287,females present,,5,52.97151629,37.02848371,193.9777489,0.25,2,ascending,HH,602622.5076,first year,5,24/04/2025 12:50,12:50:40,12:50:40 UTC,24/04/2025,24/04/2025 12:50,1.0778998136520386,256.3497314453125,90.17889336243094,0,253.24710083007812,76.70127933906657,90.17889336243094
34,Washington,WASH,1,2025-05-23-14-19-08_UMBRA-08_MM.tif,23/05/2025,5,23,2025,143,-74.645037,165.388537,14040,3673.491195,females present,,5,49.97624151,40.02375849,205.2151541,0.25,2,ascending,VV,632258.9694,first year,5,23/05/2025 14:19,14:19:08,14:19:08 UTC,23/05/2025,23/05/2025 14:19,5.674453258514404,254.2415008544922,80.70331417058583,0,249.72244262695312,67.26676611713549,80.70331417058583
35,Washington,WASH,1,2025-06-13-20-53-58_UMBRA-08_MM.tif,13/06/2025,6,13,2025,164,-74.645037,165.388537,14040,4585.773597,females present,,2,54.99433759,35.00566241,95.57394516,0.25,2,descending,VV,589196.9132,first year,2,13/06/2025 20:53,20:53:58,20:53:58 UTC,13/06/2025,13/06/2025 20:53,7.678525924682617,265.99639892578125,81.49914357,0,262.5150451660156,76.07160890181115,81.49914357
36,Washington,WASH,1,2025-06-30-19-24-50_UMBRA-05_MM.tif,30/06/2025,6,30,2025,181,-74.645037,165.388537,14040,1878.222641,male huddle,,5,48.87023043,41.12976957,127.7103258,0.25,2,descending,VV,612307.0955,first year,5,30/06/2025 19:24,19:24:50,19:24:50 UTC,30/06/2025,30/06/2025 19:24,5.632374286651611,248.03443908691406,71.70583685608604,0,241.9113006591797,56.331081427425616,71.70583685608604
37,Washington,WASH,1,2025-07-18-20-41-46_UMBRA-10_MM.tif,18/07/2025,7,18,2025,199,-74.645037,165.388537,14040,1934.234719,male huddle,,5,50.46890257,39.53109743,112.9660358,0.25,2,descending,VV,730024.9839,first year,5,18/07/2025 20:41,20:41:46,20:41:46 UTC,18/07/2025,18/07/2025 20:41,8.821488380432129,256.6938171386719,74.78999199126301,0,251.4759063720703,63.82303323268162,74.78999199126301
38,Washington,WASH,1,2025-08-06-12-56-04_UMBRA-10_MM.tif,6/08/2025,8,6,2025,218,-74.645037,165.388537,14040,1336.664896,male huddle,,5,51.81929805,38.18070195,105.777482,0.25,2,ascending,VV,714870.6017,first year,5,6/08/2025 12:56,12:56:04,12:56:04 UTC,6/08/2025,6/08/2025 12:56,5.425773620605469,251.0998077392578,78.77724651023591,0,246.1220703,63.71752637453568,78.77724651023591
39,Washington,WASH,1,2025-08-20-20-56-42_UMBRA-08_MM.tif,20/08/2025,8,20,2025,232,-74.645037,165.388537,14040,1368.50511,female return,,5,57.43049461,32.56950539,132.6351824,0.25,2,descending,VV,556684.6775,first year,5,20/08/2025 20:56,20:56:42,20:56:42 UTC,20/08/2025,20/08/2025 20:56,3.8019611835479736,247.30096435546875,97.73938861300738,0,244.38360595703125,76.25094774388685,97.73938861300738
90,Davis,DBAY,2,2025-07-06-21-53-39_UMBRA-05_MM.tif,6/07/2025,7,6,2025,187,-69.3287,158.4145,2191,394.208374,male huddle,,5,57.20128262,32.79871738,254.1027949,0.25,2,descending,VV,551792.5512,first year,5,6/07/2025 21:53,21:53:39,21:53:39 UTC,6/07/2025,6/07/2025 21:53,3.0001790523529053,247.3009033203125,64.91203976961565,0,240.12930297851562,50.640808818306716,64.91203976961565
91,Davis,DBAY,2,2025-07-18-14-26-32_UMBRA-10_MM.tif,18/07/2025,7,18,2025,199,-69.3287,158.4145,2191,329.544948,male huddle,,4,49.77746036,40.22253964,218.4082509,0.25,2,ascending,VV,735425.7987,first year,4,18/07/2025 14:26,14:26:32,14:26:32 UTC,18/07/2025,18/07/2025 14:26,3.016880512237549,256.5847168,67.88379688233044,0,250.26756286621094,57.868820768133084,67.88379688233044
92,Davis,DBAY,2,2025-08-22-13-13-08_UMBRA-10_MM.tif,22/08/2025,8,22,2025,234,-69.3287,158.4145,2191,239.230362,female return,,4,56.69511647,33.30488353,34.49282454,0.25,2,ascending,HH,673172.386,first year,4,22/08/2025 13:13,13:13:08,13:13:08 UTC,22/08/2025,22/08/2025 13:13,3.4933972358703613,242.19615173339844,75.96001584553251,0,236.42727661132812,56.483613774739354,75.96001584553251
78,Geologie,PGEO,2,2025-04-25-13-47-25_UMBRA-08_MM.tif,25/04/2025,4,25,2025,115,-66.674,140.005,1580,852.343299,females present,,3,50.99300377,39.00699623,107.5301852,0.25,2,ascending,VV,629896.1653,multi year,3,25/04/2025 13:47,13:47:25,13:47:25 UTC,25/04/2025,25/04/2025 13:47,8.604476928710938,250.48516845703125,56.475994746887494,0,241.96389770507812,45.412613258086196,56.475994746887494
79,Geologie,PGEO,2,2025-05-23-12-31-44_UMBRA-05_MM.tif,23/05/2025,5,23,2025,143,-66.674,140.005,1580,561.160709,females present,,3,48.60342176,41.39657824,83.85981231,0.25,2,ascending,VV,618840.9468,multi year,3,23/05/2025 12:31,12:31:44,12:31:44 UTC,23/05/2025,23/05/2025 12:31,7.767602920532227,252.23915100097656,40.705792705502546,0,240.36000061035156,33.28434818836296,40.705792705502546
80,Geologie,PGEO,2,2025-06-30-14-10-50_UMBRA-10_MM.tif,30/06/2025,6,30,2025,181,-66.674,140.005,1580,347.187128,male huddle,,3,53.82297986,36.17702014,111.1973395,0.25,2,ascending,VV,700931.9172,multi year,3,30/06/2025 14:10,14:10:50,14:10:50 UTC,30/06/2025,30/06/2025 14:10,6.557268142700195,248.5454559326172,47.67590432276967,0,238.27870178222656,37.635541574588224,47.67590432276967
81,Geologie,PGEO,2,2025-07-21-14-14-12_UMBRA-10_MM.tif,21/07/2025,7,21,2025,202,-66.674,140.005,1580,431.44259,male huddle,,3,55.85168533,34.14831467,110.5431364,0.25,2,ascending,HH,683494.7556,multi year,3,21/07/2025 14:14,14:14:12,14:14:12 UTC,21/07/2025,21/07/2025 14:14,15.517385482788086,258.34381103515625,55.09885331621028,0,249.76437377929688,47.77159775,55.09885331621028
82,Geologie,PGEO,2,2025-08-21-22-31-19_UMBRA-05_MM.tif,21/08/2025,8,21,2025,233,-66.674,140.005,1580,NA,female return,Y,2,56.47763957,33.52236043,97.76336014,0.25,2,descending,VV,534237.1996,multi year,2,21/08/2025 22:31,22:31:19,22:31:19 UTC,21/08/2025,21/08/2025 22:31,12.636439323425293,257.8637695,44.60537294481853,0,246.9466552734375,38.495320575508714,44.60537294481853
83,Mertz,MERT,2,2025-06-13-23-59-05_UMBRA-08_MM.tif,13/06/2025,6,13,2025,164,-67.2214,146.0149,5322,1098.301486,male huddle,,4,54.70736683,35.29263317,321.1872075,0.25,2,descending,HH,587916.1303,glacier,4,13/06/2025 23:59,23:59:05,23:59:05 UTC,13/06/2025,13/06/2025 23:59,4.201969146728516,252.78561401367188,86.09961901555226,0,248.8868865966797,70.77090511967305,86.09961901555226
84,Mertz,MERT,2,2025-06-26-21-49-47_UMBRA-05_MM.tif,26/06/2025,6,26,2025,177,-67.2214,146.0149,5322,1503.649672,male huddle,,4,49.53271705,40.46728295,101.5403729,0.25,2,descending,VV,603662.279,glacier,4,26/06/2025 21:49,21:49:47,21:49:47 UTC,26/06/2025,26/06/2025 21:49,4.821614742279053,261.42938232421875,82.13687628743102,0,257.6477355957031,73.36286636951621,82.13687628743102
85,Mertz,MERT,2,2025-07-18-13-25-55_UMBRA-08_MM.tif,18/07/2025,7,18,2025,199,-67.2214,146.0149,5322,1130.227326,male huddle,,4,49.50601153,40.49398847,92.13101536,0.25,2,ascending,VV,621898.4431,glacier,4,18/07/2025 13:25,13:25:55,13:25:55 UTC,18/07/2025,18/07/2025 13:25,15.72082805633545,264.08575439453125,83.26018069957834,0,260.6978759765625,76.29607566,83.26018069957834
86,Mertz,MERT,2,2025-08-22-13-38-51_UMBRA-08_MM.tif,22/08/2025,8,22,2025,234,-67.2214,146.0149,5322,NA,female return,Y,2,53.88439834,36.11560166,110.5385563,0.25,2,ascending,VV,575592.8261,glacier,2,22/08/2025 13:38,13:38:51,13:38:51 UTC,22/08/2025,22/08/2025 13:38,6.943043231964111,251.32879638671875,81.07383448,0,246.6754150390625,65.71853689140686,81.07383448
87,Ninnis,NNBK,2,2025-06-28-12-59-01_UMBRA-05_MM.tif,28/06/2025,6,28,2025,179,-66.7229,149.615,2000,987.140399,male huddle,,5,51.84152732,38.15847268,209.6633709,0.25,2,ascending,VV,590089.2976,first year,5,28/06/2025 12:59,12:59:01,12:59:01 UTC,28/06/2025,28/06/2025 12:59,4.744695187,257.4711914,96.71512953868815,0,255.28189086914062,83.15241583,96.71512953868815
88,Ninnis,NNBK,2,2025-07-21-13-20-29_UMBRA-08_MM.tif,21/07/2025,7,21,2025,202,-66.7229,149.615,2000,499.973014,male huddle,,5,54.65822572,35.34177428,110.7270596,0.25,2,ascending,VV,583426.6105,first year,5,21/07/2025 13:20,13:20:29,13:20:29 UTC,21/07/2025,21/07/2025 13:20,9.002263069152832,262.0345458984375,91.94124629772585,0,259.6731872558594,82.60051430500938,91.94124629772585
89,Ninnis,NNBK,2,2025-08-20-13-23-43_UMBRA-10_MM.tif,20/08/2025,8,20,2025,232,-66.7229,149.615,2000,687.839596,female return,,5,48.77302701,41.22697299,85.75073196,0.25,2,ascending,VV,738278.8219,first year,5,20/08/2025 13:23,13:23:43,13:23:43 UTC,20/08/2025,20/08/2025 13:23,9.568044662475586,253.25486755371094,95.32185053,0,250.5275879,78.70393878481808,95.32185053
93,Yule,YLBY,2,2025-04-24-22-47-58_UMBRA-10_MM.tif,24/04/2025,4,24,2025,114,-70.7252,166.487,300,NA,females present,,1,50.9263917,39.0736083,316.8148202,0.25,2,descending,VV,728619.837,rough,1,24/04/2025 22:47,22:47:58,22:47:58 UTC,24/04/2025,24/04/2025 22:47,2.558957338,250.13009643554688,57.045168499966756,12.96,241.7051239013672,45.715373561352514,57.045168499966756
94,Yule,YLBY,2,2025-05-23-20-09-31_UMBRA-05_MM.tif,23/05/2025,5,23,2025,143,-70.7252,166.487,300,125.920663,females present,,3,51.364074,38.635926,89.44514028,0.25,2,descending,VV,597136.7164,rough,3,23/05/2025 20:09,20:09:31,20:09:31 UTC,23/05/2025,23/05/2025 20:09,2.5299103260040283,252.22706604003906,27.244700460554633,0,236.33131408691406,22.274897045676777,27.244700460554633
95,Yule,YLBY,2,2025-06-27-12-11-03_UMBRA-08_MM.tif,27/06/2025,6,27,2025,178,-70.7252,166.487,300,115.487583,male huddle,,3,49.57029834,40.42970166,93.53969951,0.25,2,ascending,VV,626849.3292,rough,3,27/06/2025 12:11,12:11:03,12:11:03 UTC,27/06/2025,27/06/2025 12:11,0.41877132654190063,255.9757537841797,94.60629911609108,0,253.39434814453125,80.17838241,94.60629911609108
96,Yule,YLBY,2,2025-07-20-12-18-44_UMBRA-08_MM.tif,20/07/2025,7,20,2025,201,-70.7252,166.487,300,111.582943,male huddle,,3,51.11466921,38.88533079,105.2664712,0.25,2,ascending,VV,609854.9783,rough,3,20/07/2025 12:18,12:18:44,12:18:44 UTC,20/07/2025,20/07/2025 12:18,1.0436803102493286,255.5157012939453,47.01815860906001,0,245.14405822753906,39.67199611173142,47.01815860906001
97,Yule,YLBY,2,2025-08-09-12-43-26_UMBRA-10_MM.tif,9/08/2025,8,9,2025,221,-70.7252,166.487,300,105.313881,male huddle,,3,56.72296864,33.27703136,36.47999252,0.25,2,ascending,HH,674872.338,rough,3,9/08/2025 12:43,12:43:26,12:43:26 UTC,9/08/2025,9/08/2025 12:43,2.6452784538269043,246.16798400878906,41.90389521505228,0,234.6516571044922,32.34289896499549,41.90389521505228
98,Yule,YLBY,2,2025-08-22-11-07-11_UMBRA-05_MM.tif,22/08/2025,8,22,2025,234,-70.7252,166.487,300,126.102028,female return,,3,49.32125407,40.67874593,89.49640888,0.25,2,ascending,VV,581826.7714,rough,3,22/08/2025 11:07,11:07:11,11:07:11 UTC,22/08/2025,22/08/2025 11:07,3.0867691040039062,241.25869750976562,38.86733367055922,0,229.14808654785156,28.650501766252287,38.86733367055922
99,Dibble,DIBB,3,2025-06-27-14-23-48_UMBRA-10_MM.tif,27/06/2025,6,27,2025,178,-66.0234,134.7398,9529,1799.251068,male huddle,,3,50.56375375,39.43624625,103.4402218,0.25,2,ascending,VV,728399.7449,glacier,3,27/06/2025 14:23,14:23:48,14:23:48 UTC,27/06/2025,27/06/2025 14:23,8.506484985351562,262.70086669921875,66.63543213278676,0,256.5124512,60.25158031553467,66.63543213278676
100,Dibble,DIBB,3,2025-07-18-14-28-14_UMBRA-10_MM.tif,18/07/2025,7,18,2025,199,-66.0234,134.7398,9529,1138.217131,male huddle,,3,53.96129003,36.03870997,99.28121617,0.25,2,ascending,VV,697533.0264,glacier,3,18/07/2025 14:28,14:28:14,14:28:14 UTC,18/07/2025,18/07/2025 14:28,24.138214111328125,267.6394043,83.47209256978802,0,264.6152344,79.15762784337451,83.47209256978802
101,Dibble,DIBB,3,2025-08-21-14-15-15_UMBRA-08_MM.tif,21/08/2025,8,21,2025,233,-66.0234,134.7398,9529,NA,female return,Y,2,50.43256797,39.56743203,102.1661225,0.25,2,ascending,VV,600203.9456,glacier,2,21/08/2025 14:15,14:15:15,14:15:15 UTC,21/08/2025,21/08/2025 14:15,9.079472541809082,257.7073059082031,75.06827530325253,0,252.59616088867188,64.68795005042314,75.06827530325253
117,Peterson,PSON,3,2025-06-27-02-36-24_UMBRA-08_MM.tif,27/06/2025,6,27,2025,178,-65.8405,110.1439,1634,1776.724144,male huddle,,5,49.56093863,40.43906137,299.0982429,0.25,2,descending,VV,623061.0471,first year,5,27/06/2025 2:36,2:36:24,02:36:24 UTC,27/06/2025,27/06/2025 2:36,5.992135524749756,260.81634521484375,93.38280196,0,258.5263366699219,82.91599700808915,93.38280196
118,Peterson,PSON,3,2025-07-02-01-32-17_UMBRA-08_MM.tif,2/07/2025,7,2,2025,183,-65.8405,110.1439,1634,860.910408,male huddle,,5,50.21698265,39.78301735,93.40579263,0.25,2,descending,VV,617615.2424,first year,5,2/07/2025 1:32,1:32:17,01:32:17 UTC,2/07/2025,2/07/2025 1:32,5.1405134201049805,249.48435974121094,90.43382052422103,0,245.89181518554688,72.02860121032553,90.43382052422103
119,Peterson,PSON,3,2025-07-19-15-59-34_UMBRA-10_MM.tif,19/07/2025,7,19,2025,200,-65.8405,110.1439,1634,NA,female return,Y,2,49.41842653,40.58157347,93.81054179,0.25,2,ascending,VV,736587.4157,first year,5,19/07/2025 15:59,15:59:34,15:59:34 UTC,19/07/2025,19/07/2025 15:59,5.530764102935791,264.7643127441406,93.65396611697977,0,262.907959,86.38412067646583,93.65396611697977
120,Peterson,PSON,3,2025-08-22-01-51-15_UMBRA-10_MM.tif,22/08/2025,8,22,2025,234,-65.8405,110.1439,1634,NA,female return,Y,2,54.33277912,35.66722088,81.910577,0.25,2,descending,VV,689549.4014,first year,2,22/08/2025 1:51,1:51:15,01:51:15 UTC,22/08/2025,22/08/2025 1:51,5.1802287101745605,262.7205505371094,79.97043889509835,14.95111111111111,258.7226563,72.32278722077557,79.97043889509835
112,Pointsett,CPST,3,2025-06-18-00-10-26_UMBRA-05_MM.tif,18/06/2025,6,18,2025,169,-65.8264,113.301,200,223.478142,male huddle,,5,50.69863853,39.30136147,89.10296868,0.25,2,descending,VV,593987.4557,first year,5,18/06/2025 0:10,0:10:26,00:10:26 UTC,18/06/2025,18/06/2025 0:10,5.009723186,265.69964599609375,100.13991121099055,0,264.7958984,93.20378792799126,100.13991121099055
113,Pointsett,CPST,3,2025-06-30-15-47-04_UMBRA-10_MM.tif,30/06/2025,6,30,2025,181,-65.8264,113.301,200,168.357343,male huddle,,4,49.88251563,40.11748437,97.70559722,0.25,2,ascending,VV,734299.7991,first year,4,30/06/2025 15:47,15:47:04,15:47:04 UTC,30/06/2025,30/06/2025 15:47,2.2646799087524414,258.2781982421875,85.89269533838666,0,254.7683105,74.42333921002766,85.89269533838666
114,Pointsett,CPST,3,2025-07-08-01-27-29_UMBRA-08_MM.tif,8/07/2025,7,8,2025,189,-65.8264,113.301,200,181.746066,male huddle,,5,54.06432095,35.93567905,79.67025222,0.25,2,descending,VV,587918.4267,first year,5,8/07/2025 1:27,1:27:29,01:27:29 UTC,8/07/2025,8/07/2025 1:27,7.4830217361450195,251.45730590820312,93.62228267,0,248.38621520996094,75.98348007,93.62228267
115,Pointsett,CPST,3,2025-07-22-15-45-59_UMBRA-10_MM.tif,22/07/2025,7,22,2025,203,-65.8264,113.301,200,241.9451,male huddle,,4,49.00149572,40.99850428,89.20840567,0.25,2,ascending,VV,740003.4905,first year,4,22/07/2025 15:45,15:45:59,15:45:59 UTC,22/07/2025,22/07/2025 15:45,18.335363388061523,262.9316101074219,83.37696768515964,0,259.4588623046875,75.55720369,83.37696768515964
116,Pointsett,CPST,3,2025-08-21-15-49-39_UMBRA-08_MM.tif,21/08/2025,8,21,2025,233,-65.8264,113.301,200,NA,female return,Y,2,56.82169274,33.17830726,39.04462965,0.25,2,ascending,HH,556512.6831,first year,2,21/08/2025 15:49,15:49:39,15:49:39 UTC,21/08/2025,21/08/2025 15:49,12.302496910095215,264.9722900390625,96.24660497486083,0,263.48260498046875,88.95380034809219,96.24660497486083
102,Porpoise,PPBY,3,2025-07-14-23-03-59_UMBRA-05_MM.tif,14/07/2025,7,14,2025,195,-66.26086,129.98107,100,137.663805,male huddle,,4,50.76022575,39.23977425,90.43621743,0.25,2,descending,VV,591264.8698,first year,4,14/07/2025 23:03,23:03:59,23:03:59 UTC,14/07/2025,14/07/2025 23:03,5.5826640129089355,259.10858154296875,75.16913862,0,254.10568237304688,65.65453266857187,75.16913862
103,Porpoise,PPBY,3,2025-07-22-13-27-38_UMBRA-05_MM.tif,22/07/2025,7,22,2025,203,-66.26086,129.98107,100,96.051196,male huddle,,4,54.42651044,35.57348956,111.0429816,0.25,2,ascending,VV,564792.8669,first year,4,22/07/2025 13:27,13:27:38,13:27:38 UTC,22/07/2025,22/07/2025 13:27,9.910699844360352,260.2434997558594,60.86058139144446,0,252.8646240234375,53.741490807975175,60.86058139144446
104,Porpoise,PPBY,3,2025-08-21-00-21-54_UMBRA-09_MM.tif,21/08/2025,8,21,2025,233,-66.26086,129.98107,100,128.011523,female return,,4,51.39902865,38.60097135,98.98737163,0.25,2,descending,VV,713206.283,first year,4,21/08/2025 0:21,0:21:54,00:21:54 UTC,21/08/2025,21/08/2025 0:21,14.290218353271484,261.0157165527344,83.91143274051268,4.604444444444445,257.4559631347656,74.64955617,83.91143274051268
105,Porpoise,PPBY,3,2025-08-21-13-23-50_UMBRA-05_MM.tif,21/08/2025,8,21,2025,233,-66.26086,129.98107,100,NA,female return,Y,2,49.75377398,40.24622602,96.53970144,0.25,2,ascending,VV,577780.6749,first year,2,21/08/2025 13:23,13:23:50,13:23:50 UTC,21/08/2025,21/08/2025 13:23,9.499641418457031,264.0115966796875,68.57482547,0,258.25018310546875,62.794105037171136,68.57482547
106,Sabrina,SABR,3,2025-06-28-23-43-00_UMBRA-05_MM.tif,28/06/2025,6,28,2025,179,-66.0889,121.1624,1000,477.130937,male huddle,,3,57.802864,32.197136,108.8530821,0.25,2,descending,VV,548208.1212,multi year,3,28/06/2025 23:43,23:43:00,23:43:00 UTC,28/06/2025,28/06/2025 23:43,17.631145477294922,260.4448242,91.3400348,0,257.85284423828125,80.81229066115559,91.3400348
107,Sabrina,SABR,3,2025-06-28-23-42-34_UMBRA-05_MM.tif,28/06/2025,6,28,2025,179,-66.1089,121.257,1000,235.241029,male huddle,,3,52.62483474,37.37516526,79.66241897,0.25,2,descending,VV,579604.4003,multi year,3,28/06/2025 23:42,23:42:34,23:42:34 UTC,28/06/2025,28/06/2025 23:42,17.631145477294922,260.4448242,91.3400348,0,257.85284423828125,80.81229066115559,91.3400348
108,Sabrina,SABR,3,2025-07-18-23-37-46_UMBRA-05_MM.tif,18/07/2025,7,18,2025,199,-66.0889,121.1624,1000,178.743672,male huddle,,2,50.08245841,39.91754159,97.69678223,0.25,2,descending,VV,595579.1616,multi year,2,18/07/2025 23:37,23:37:46,23:37:46 UTC,18/07/2025,18/07/2025 23:37,14.155198097229004,268.6941223144531,91.95681273179093,0,267.02923583984375,88.09506363246675,91.95681273179093
109,Sabrina,SABR,3,2025-07-18-23-38-12_UMBRA-05_MM.tif,18/07/2025,7,18,2025,199,-66.1089,121.257,1000,439.686114,male huddle,,2,51.14802067,38.85197933,124.8628443,0.25,2,descending,VV,588071.1766,multi year,2,18/07/2025 23:38,23:38:12,23:38:12 UTC,18/07/2025,18/07/2025 23:38,14.155198097229004,268.6941223144531,91.95681273179093,0,267.02923583984375,88.09506363246675,91.95681273179093
110,Sabrina,SABR,3,2025-08-22-00-59-06_UMBRA-08_MM.tif,22/08/2025,8,22,2025,234,-66.0889,121.1624,1000,NA,female return,Y,2,58.61296749,31.38703251,127.7035605,0.25,2,descending,VV,547573.0783,multi year,2,22/08/2025 0:59,0:59:06,00:59:06 UTC,22/08/2025,22/08/2025 0:59,10.541927337646484,264.8179016113281,65.26749693,0.088888889,258.51116943359375,60.23226813643395,65.26749693
111,Sabrina,SABR,3,2025-08-22-00-58-26_UMBRA-08_MM.tif,22/08/2025,8,22,2025,234,-66.1089,121.257,1000,NA,female return,Y,2,52.99711677,37.00288323,79.94278719,0.25,2,descending,VV,580840.7655,multi year,2,22/08/2025 0:58,0:58:26,00:58:26 UTC,22/08/2025,22/08/2025 0:58,10.541927337646484,264.8179016113281,65.26749693,0.088888889,258.51116943359375,60.23226813643395,65.26749693
56,Bowman,BOWM,4,2025-07-04-02-02-13_UMBRA-08_MM.tif,4/07/2025,7,4,2025,185,-65.2813,103.1864,1475,534.5401,male huddle,,5,50.08836067,39.91163933,95.2751376,0.25,2,descending,VV,617984.0446,first year,5,4/07/2025 2:02,2:02:13,02:02:13 UTC,4/07/2025,4/07/2025 2:02,17.65806007385254,247.58941650390625,85.5042287,0,243.27951049804688,66.88819253532802,85.5042287
57,Bowman,BOWM,4,2025-07-21-02-11-58_UMBRA-08_MM.tif,21/07/2025,7,21,2025,202,-65.2813,103.1864,1475,824.915115,female return,,5,55.03986519,34.96013481,79.66399272,0.25,2,descending,VV,578935.3478,first year,5,21/07/2025 2:11,2:11:58,02:11:58 UTC,21/07/2025,21/07/2025 2:11,11.332002639770508,264.4584961,95.01854249899627,0,262.75164794921875,87.38458956,95.01854249899627
58,Bowman,BOWM,4,2025-08-20-02-10-01_UMBRA-08_MM.tif,20/08/2025,8,20,2025,232,-65.2813,103.1864,1475,NA,female return,Y,2,50.99544703,39.00455297,86.03241768,0.25,2,descending,VV,595680.5048,first year,2,20/08/2025 2:10,2:10:01,02:10:01 UTC,20/08/2025,20/08/2025 2:10,4.132847309112549,256.4985352,71.78987830910572,1.12,250.80589294433594,61.14796195746329,71.78987830910572
64,Haswell,HASW,4,2025-04-25-02-36-42_UMBRA-08_MM.tif,25/04/2025,4,25,2025,115,-66.5391,93.033,3283,1790.259533,females present,,5,51.63539023,38.36460977,83.43880428,0.25,2,descending,VV,623506.6179,first year,5,25/04/2025 2:36,2:36:42,02:36:42 UTC,25/04/2025,25/04/2025 2:36,7.243523120880127,256.5244445800781,77.91407583928375,18.22222222222222,251.760498,66.38085482670547,77.91407583928375
65,Haswell,HASW,4,2025-05-24-02-42-37_UMBRA-08_MM.tif,24/05/2025,5,24,2025,144,-66.5391,93.033,3283,1116.821604,females present,,5,54.94545389,35.05454611,80.56360501,0.25,2,descending,VV,591918.1201,first year,5,24/05/2025 2:42,2:42:37,02:42:37 UTC,24/05/2025,24/05/2025 2:42,14.682281494140625,258.6735534667969,89.87926761309701,0,255.72987365722656,78.17454593990533,89.87926761309701
66,Haswell,HASW,4,2025-06-30-02-49-41_UMBRA-09_MM.tif,30/06/2025,6,30,2025,181,-66.5391,93.033,3283,691.171607,male huddle,,5,51.6723596,38.3276404,83.58545696,0.25,2,descending,VV,716571.6565,first year,5,30/06/2025 2:49,2:49:41,02:49:41 UTC,30/06/2025,30/06/2025 2:49,8.127280235290527,255.6719512939453,64.91552621730415,0,248.8126983642578,54.855301265348984,64.91552621730415
67,Haswell,HASW,4,2025-07-21-01-27-39_UMBRA-05_MM.tif,21/07/2025,7,21,2025,202,-66.5391,93.033,3283,1800.720629,female return,,5,49.4955892,40.5044108,101.1834874,0.25,2,descending,VV,599658.2334,first year,5,21/07/2025 1:27,1:27:39,01:27:39 UTC,21/07/2025,21/07/2025 1:27,7.166938304901123,261.73480224609375,84.98868731819643,0,258.3901367,76.13391861586113,84.98868731819643
68,Haswell,HASW,4,2025-08-27-02-39-05_UMBRA-08_MM.tif,27/08/2025,8,27,2025,239,-66.5391,93.033,3283,NA,female return,Y,2,48.82153857,41.17846143,111.8903,0.25,2,descending,VV,610671.702,first year,2,27/08/2025 2:39,2:39:05,02:39:05 UTC,27/08/2025,27/08/2025 2:39,3.983727216720581,257.84295654296875,79.82628820493954,21.013333333333332,253.44833374023438,68.87787272135967,79.82628820493954
69,Posadowsky,POSA,4,2025-07-07-18-27-36_UMBRA-10_MM.tif,7/07/2025,7,7,2025,188,-66.131,89.82,123,78.509413,male huddle,,4,55.14791906,34.85208094,207.7771513,0.25,2,ascending,HH,689932.1846,first year,4,7/07/2025 18:27,18:27:36,18:27:36 UTC,7/07/2025,7/07/2025 18:27,1.033201813697815,248.9862518310547,92.3211117,0,245.58102416992188,73.18439175045786,92.3211117
70,Posadowsky,POSA,4,2025-07-18-03-50-41_UMBRA-08_MM.tif,18/07/2025,7,18,2025,199,-66.131,89.82,123,152.012185,female return,,4,52.59092682,37.40907318,320.1941898,0.25,2,descending,HH,595762.4534,first year,4,18/07/2025 3:50,3:50:41,03:50:41 UTC,18/07/2025,18/07/2025 3:50,4.220851421356201,259.3255615234375,102.08508756503237,0,257.9616699,89.35010126404333,102.08508756503237
71,Posadowsky,POSA,4,2025-08-21-17-22-19_UMBRA-08_MM.tif,21/08/2025,8,21,2025,233,-66.131,89.82,123,NA,female return,Y,2,55.61628015,34.38371985,110.6745651,0.25,2,ascending,HH,564620.957,first year,2,21/08/2025 17:22,17:22:19,17:22:19 UTC,21/08/2025,21/08/2025 17:22,1.4931329488754272,248.9467315673828,105.89057770539601,0,247.0204315185547,83.90960464266367,105.89057770539601
59,Shackleton,SHAC,4,2025-05-28-16-36-52_UMBRA-08_MM.tif,28/05/2025,5,28,2025,148,-64.9589,95.9538,4478,832.9658,females present,,3,49.20080297,40.79919703,88.81027055,0.25,2,ascending,VV,634680.392,ice shelf,3,28/05/2025 16:36,16:36:52,16:36:52 UTC,28/05/2025,28/05/2025 16:36,14.589653968811035,261.4834899902344,89.47470911788375,0,258.7388000488281,79.95856139844344,89.47470911788375
60,Shackleton,SHAC,4,2025-06-17-16-34-32_UMBRA-05_MM.tif,17/06/2025,6,17,2025,168,-64.9521,95.9176,4478,814.043423,females present,,3,48.52959778,41.47040222,240.4487247,0.25,2,ascending,VV,615524.6911,ice shelf,3,17/06/2025 16:34,16:34:32,16:34:32 UTC,17/06/2025,17/06/2025 16:34,12.329479217529297,265.8054199,92.20383644154552,0,263.86163330078125,85.90500736426252,92.20383644154552
61,Shackleton,SHAC,4,2025-06-30-02-35-29_UMBRA-08_MM.tif,30/06/2025,6,30,2025,181,-64.9521,95.9176,4478,704.59112,male huddle,,3,51.08905065,38.91094935,85.81145869,0.25,2,descending,VV,610555.8913,ice shelf,3,30/06/2025 2:35,2:35:29,02:35:29 UTC,30/06/2025,30/06/2025 2:35,8.04083252,258.85162353515625,98.82795885049987,0,257.05096435546875,86.10538231362399,98.82795885049987
62,Shackleton,SHAC,4,2025-07-19-17-35-13_UMBRA-08_MM.tif,19/07/2025,7,19,2025,200,-64.942487,95.8747,4478,376.870921,male huddle,,3,56.62226688,33.37773312,284.3422408,0.25,2,ascending,HH,570683.4122,ice shelf,3,19/07/2025 17:35,17:35:13,17:35:13 UTC,19/07/2025,19/07/2025 17:35,5.3510565757751465,259.1208496,100.0257926211046,0,257.4912109,87.37525474457738,100.0257926211046
63,Shackleton,SHAC,4,2025-08-20-15-39-33_UMBRA-05_MM.tif,20/08/2025,8,20,2025,232,-64.9337,95.8359,4478,NA,female return,Y,2,50.60590618,39.39409382,102.2639798,0.25,2,ascending,VV,571424.3161,ice shelf,2,20/08/2025 15:39,15:39:33,15:39:33 UTC,20/08/2025,20/08/2025 15:39,6.817508697509766,251.70452880859375,90.45710608394616,0,248.27316284179688,73.58815648305702,90.45710608394616
72,Vanhoeffen,VHFN,4,2025-04-28-02-44-30_UMBRA-05_MM.tif,28/04/2025,4,28,2025,118,-66.067452,86.496904,5000,667.10515,females present,,2,56.04572648,33.95427352,320.3390669,0.25,2,descending,HH,576537.1826,multi year,2,28/04/2025 2:44,2:44:30,02:44:30 UTC,28/04/2025,28/04/2025 2:44,12.656449317932129,258.93560791015625,80.31869521563947,2.6666666666666665,254.69265747070312,70.03551782,80.31869521563947
73,Vanhoeffen,VHFN,4,2025-05-26-02-47-29_UMBRA-05_MM.tif,26/05/2025,5,26,2025,146,-66.067452,86.496904,5000,409.916822,females present,,2,53.90998994,36.09001006,320.641485,0.25,2,descending,HH,576386.824,multi year,2,26/05/2025 2:47,2:47:29,02:47:29 UTC,26/05/2025,26/05/2025 2:47,10.71144962310791,259.9610290527344,82.11849662727758,0,256.05780029296875,72.31568071130724,82.11849662727758
74,Vanhoeffen,VHFN,4,2025-06-10-01-50-55_UMBRA-05_MM.tif,10/06/2025,6,10,2025,161,-66.067452,86.496904,5000,592.292113,females present,,2,49.15672618,40.84327382,106.7818857,0.25,2,descending,VV,607882.4792,multi year,2,10/06/2025 1:50,1:50:55,01:50:55 UTC,10/06/2025,10/06/2025 1:50,5.061658859,253.25706481933594,95.71161599098001,0,250.57586669921875,79.02741704984483,95.71161599098001
75,Vanhoeffen,VHFN,4,2025-06-30-04-24-04_UMBRA-10_MM.tif,30/06/2025,6,30,2025,181,-66.067452,86.496904,5000,327.882578,male huddle,,2,50.72358055,39.27641945,312.3757481,0.25,2,descending,VV,724937.4215,multi year,2,30/06/2025 4:24,4:24:04,04:24:04 UTC,30/06/2025,30/06/2025 4:24,9.065246582,254.41993713378906,93.25285074504082,0,251.54107666015625,77.85998256258051,93.25285074504082
76,Vanhoeffen,VHFN,4,2025-07-20-04-32-25_UMBRA-10_MM.tif,20/07/2025,7,20,2025,201,-66.067452,86.496904,5000,147.546127,male huddle,,2,48.80765098,41.19234902,290.7014014,0.25,2,descending,VV,742110.1739,multi year,2,20/07/2025 4:32,4:32:25,04:32:25 UTC,20/07/2025,20/07/2025 4:32,0.47175320982933044,252.65660095214844,93.18222537884586,1.7777777777777777,249.62673950195312,76.49808865788678,93.18222537884586
77,Vanhoeffen,VHFN,4,2025-08-22-04-05-14_UMBRA-08_MM.tif,22/08/2025,8,22,2025,234,-66.067452,86.496904,5000,NA,female return,Y,2,54.78242815,35.21757185,320.0737146,0.25,2,descending,HH,568434.9426,multi year,2,22/08/2025 4:05,4:05:14,04:05:14 UTC,22/08/2025,22/08/2025 4:05,5.175905704498291,247.91213989257812,101.37951513196396,94.66666666666667,245.43099975585938,79.55000606,101.37951513196396
139,Amanda,AMAN,5,2025-04-24-19-46-14_UMBRA-10_MM.tif,24/04/2025,4,24,2025,114,-69.271,76.835,4303,2884.517715,females present,,5,49.92749027,40.07250973,214.7363536,0.25,2,ascending,VV,739105.6368,first year,5,24/04/2025 19:46,19:46:14,19:46:14 UTC,24/04/2025,24/04/2025 19:46,3.3808791637420654,247.77548217773438,74.00595786344412,0,241.96849060058594,57.99548243978209,74.00595786344412
140,Amanda,AMAN,5,2025-05-24-03-38-48_UMBRA-10_MM.tif,24/05/2025,5,24,2025,144,-69.271,76.835,4303,NA,females present,Y,5,53.54258632,36.45741368,85.96497597,0.25,2,descending,VV,703183.4487,first year,5,24/05/2025 3:38,3:38:48,03:38:48 UTC,24/05/2025,24/05/2025 3:38,4.581196308135986,262.0479736328125,83.58573597594584,0,258.52911376953125,75.10360306,83.58573597594584
141,Amanda,AMAN,5,2025-06-30-02-14-02_UMBRA-05_MM.tif,30/06/2025,6,30,2025,181,-69.271,76.835,4303,1495.094888,male huddle,,5,49.38848716,40.61151284,106.3683897,0.25,2,descending,VV,605481.1546,first year,5,30/06/2025 2:14,2:14:02,02:14:02 UTC,30/06/2025,30/06/2025 2:14,3.2469334602355957,251.14845275878906,81.89462609,0,246.59324645996094,66.26971398433506,81.89462609
142,Amanda,AMAN,5,2025-07-22-02-23-12_UMBRA-05_MM.tif,22/07/2025,7,22,2025,203,-69.271,76.835,4303,1579.195278,male huddle,,5,54.99436628,35.00563372,108.5021174,0.25,2,descending,VV,561634.0759,first year,5,22/07/2025 2:23,2:23:12,02:23:12 UTC,22/07/2025,22/07/2025 2:23,1.966201663017273,251.67140197753906,99.41546003185358,0,249.28211975097656,80.85032170457809,99.41546003185358
143,Amanda,AMAN,5,2025-08-20-03-38-28_UMBRA-10_MM.tif,20/08/2025,8,20,2025,232,-69.271,76.835,4303,NA,female return,Y,2,50.9058829,39.0941171,93.00437243,0.25,2,descending,VV,719170.6159,first year,2,20/08/2025 3:38,3:38:28,03:38:28 UTC,20/08/2025,20/08/2025 3:38,7.1128740310668945,252.6335449,61.318261003123276,4.391111111111111,245.0359649658203,50.32821822779674,61.318261003123276
126,Auster,AUST,5,2025-04-27-03-17-22_UMBRA-05_MM.tif,27/04/2025,4,27,2025,117,-67.397,63.974,4054,2026.929396,females present,,5,51.2384445,38.7615555,85.0902006,0.25,2,descending,VV,611188.4838,first year,5,27/04/2025 3:17,3:17:22,03:17:22 UTC,27/04/2025,27/04/2025 3:17,24.685152053833008,261.76226806640625,63.368659365653286,0,254.92735290527344,56.78146603,63.368659365653286
127,Auster,AUST,5,2025-05-25-03-22-42_UMBRA-05_MM.tif,25/05/2025,5,25,2025,145,-67.397,63.974,4054,1304.877561,females present,,5,52.99589261,37.00410739,81.52878266,0.25,2,descending,VV,583848.08,first year,5,25/05/2025 3:22,3:22:42,03:22:42 UTC,25/05/2025,25/05/2025 3:22,6.737293720245361,255.32798767089844,61.33819182054341,0,247.83006286621094,51.66146981835005,61.33819182054341
128,Auster,AUST,5,2025-06-30-19-59-32_UMBRA-08_MM.tif,30/06/2025,6,30,2025,181,-67.397,63.974,4054,1156.076927,male huddle,,5,51.28505452,38.71494548,212.8744605,0.25,2,ascending,VV,612487.6297,first year,5,30/06/2025 19:59,19:59:32,19:59:32 UTC,30/06/2025,30/06/2025 19:59,3.779881477355957,258.8548583984375,82.25860836,0,254.88490295410156,71.67131280132708,82.25860836
129,Auster,AUST,5,2025-07-19-04-37-46_UMBRA-10_MM.tif,19/07/2025,7,19,2025,200,-67.397,63.974,4054,849.86818,male huddle,,5,50.49252148,39.50747852,94.09172052,0.25,2,descending,VV,727343.5797,first year,5,19/07/2025 4:37,4:37:46,04:37:46 UTC,19/07/2025,19/07/2025 4:37,7.300445556640625,252.74954223632812,70.57378112679275,0,246.66949462890625,57.98918801343689,70.57378112679275
130,Auster,AUST,5,2025-08-21-04-41-56_UMBRA-08_MM.tif,21/08/2025,8,21,2025,233,-67.397,63.974,4054,1257.282078,female return,,4,54.03626135,35.96373865,81.15921986,0.25,2,descending,VV,574661.75,first year,4,21/08/2025 4:41,4:41:56,04:41:56 UTC,21/08/2025,21/08/2025 4:41,7.327422142028809,246.98028564453125,67.07664166230246,20.177777777777777,240.1327362060547,52.17099833,67.07664166230246
121,Darnley,DARN,5,2025-04-25-02-47-32_UMBRA-05_MM.tif,25/04/2025,4,25,2025,115,-67.887,69.696,2670,1147.507178,females present,,5,50.10713319,39.89286681,95.84549426,0.25,2,descending,VV,621677.8916,first year,5,25/04/2025 2:47,2:47:32,02:47:32 UTC,25/04/2025,25/04/2025 2:47,19.07827377319336,251.34671020507812,65.01575726458617,0,244.3269043,52.71085473062491,65.01575726458617
122,Darnley,DARN,5,2025-05-23-02-57-45_UMBRA-05_MM.tif,23/05/2025,5,23,2025,143,-67.887,69.696,2670,1261.070595,females present,,5,53.62588381,36.37411619,81.93532444,0.25,2,descending,VV,580476.0588,first year,5,23/05/2025 2:57,2:57:45,02:57:45 UTC,23/05/2025,23/05/2025 2:57,15.829995155334473,252.43370056152344,86.06675511008311,0,248.50613403320312,70.50616496828688,86.06675511008311
123,Darnley,DARN,5,2025-06-30-04-10-07_UMBRA-08_MM.tif,30/06/2025,6,30,2025,181,-67.887,69.696,2670,874.246421,male huddle,,5,52.92215389,37.07784611,82.3502035,0.25,2,descending,VV,598332.7676,first year,5,30/06/2025 4:10,4:10:07,04:10:07 UTC,30/06/2025,30/06/2025 4:10,15.557613372802734,250.10157775878906,74.51087231,0,244.47467041015625,59.69598099446422,74.51087231
124,Darnley,DARN,5,2025-07-20-18-34-50_UMBRA-08_MM.tif,20/07/2025,7,20,2025,201,-67.887,69.696,2670,985.324684,male huddle,,5,50.10003219,39.89996781,98.82954697,0.25,2,ascending,VV,616733.0956,first year,5,20/07/2025 18:34,18:34:50,18:34:50 UTC,20/07/2025,20/07/2025 18:34,5.464871883392334,251.0884552001953,74.90208864533257,0,245.56732177734375,60.57661438650708,74.90208864533257
125,Darnley,DARN,5,2025-08-22-04-06-53_UMBRA-08_MM.tif,22/08/2025,8,22,2025,234,-67.887,69.696,2670,1851.853699,female return,,2,50.6487564,39.3512436,125.2834901,0.25,2,descending,VV,599163.5518,first year,2,22/08/2025 4:06,4:06:53,04:06:53 UTC,22/08/2025,22/08/2025 4:06,5.652958869934082,246.88674926757812,71.57442583550771,38.93333333333333,240.69857788085938,55.62006988522756,71.57442583550771
131,Karelin,KRLB,5,2025-04-25-04-10-28_UMBRA-08_MM.tif,25/04/2025,4,25,2025,115,-66.4086,85.4266,300,71.505462,females present,,5,49.72718405,40.27281595,301.7130942,0.25,2,descending,VV,638352.5997,first year,5,25/04/2025 4:10,4:10:28,04:10:28 UTC,25/04/2025,25/04/2025 4:10,3.553084612,247.83795166015625,90.49346445335675,58.93333333333333,244.14146423339844,70.95807385842467,90.49346445335675
132,Karelin,KRLB,5,2025-05-23-03-12-12_UMBRA-08_MM.tif,23/05/2025,5,23,2025,143,-66.4086,85.4266,300,104.765614,females present,,5,53.19963189,36.80036811,80.00801261,0.25,2,descending,VV,603687.4004,first year,5,23/05/2025 3:12,3:12:12,03:12:12 UTC,23/05/2025,23/05/2025 3:12,8.028715133666992,250.25596618652344,72.57937142213461,0,244.35769653320312,58.234092587455685,72.57937142213461
133,Karelin,KRLB,5,2025-06-29-17-24-34_UMBRA-08_MM.tif,29/06/2025,6,29,2025,180,-66.4086,85.4266,300,78.784012,male huddle,,5,49.26471396,40.73528604,91.86333788,0.25,2,ascending,VV,627858.3553,first year,5,29/06/2025 17:24,17:24:34,17:24:34 UTC,29/06/2025,29/06/2025 17:24,7.971621513366699,253.79742431640625,90.96260973,0,250.58734130859375,75.49595893481411,90.96260973
134,Karelin,KRLB,5,2025-07-18-17-39-38_UMBRA-10_MM.tif,18/07/2025,7,18,2025,199,-66.4086,85.4266,300,89.893715,male huddle,,4,49.55651264,40.44348736,93.98950765,0.25,2,ascending,VV,735467.172,first year,4,18/07/2025 17:39,17:39:38,17:39:38 UTC,18/07/2025,18/07/2025 17:39,2.3443572521209717,255.45603942871094,102.75911165432059,0,253.7832031,86.65427784221272,102.75911165432059
135,Karelin,KRLB,5,2025-08-22-03-27-04_UMBRA-10_MM.tif,22/08/2025,8,22,2025,234,-66.4086,85.4266,300,NA,female return,Y,1,53.98530742,36.01469258,82.50785407,0.25,2,descending,VV,692267.0933,first year,1,22/08/2025 3:27,3:27:04,03:27:04 UTC,22/08/2025,22/08/2025 3:27,4.801109790802002,246.83465576171875,102.1864254220538,34.275555555555556,244.35440063476562,79.36937155630619,102.1864254220538
136,West Ice Shelf,WEST,5,2025-07-08-18-51-32_UMBRA-08_MM.tif,8/07/2025,7,8,2025,189,-66.261,81.484,2480,1141.958632,male huddle,,5,48.94259233,41.05740767,232.8453624,0.25,2,ascending,VV,629102.7062,first year,5,8/07/2025 18:51,18:51:32,18:51:32 UTC,8/07/2025,8/07/2025 18:51,3.563112258911133,247.35435485839844,99.90225189,0,244.6735382080078,77.97769763900565,99.90225189
137,West Ice Shelf,WEST,5,2025-07-22-02-21-57_UMBRA-05_MM.tif,22/07/2025,7,22,2025,203,-66.261,81.484,2480,NA,female return,Y,2,51.73626903,38.26373097,81.75852216,0.25,2,descending,VV,581796.8676,first year,5,22/07/2025 2:21,2:21:57,02:21:57 UTC,22/07/2025,22/07/2025 2:21,2.692176103591919,254.41749572753906,93.34542764321877,0,251.54969787597656,77.93545363117376,93.34542764321877
138,West Ice Shelf,WEST,5,2025-08-20-18-11-21_UMBRA-10_MM.tif,20/08/2025,8,20,2025,232,-66.261,81.484,2480,NA,female return,Y,2,56.86769531,33.13230469,39.11294961,0.25,2,ascending,HH,671017.3752,first year,2,20/08/2025 18:11,18:11:21,18:11:21 UTC,20/08/2025,20/08/2025 18:11,1.0797076225280762,249.93460083007812,95.55042516832701,0,246.97023010253906,76.43064840468435,95.55042516832701
160,Amundsen,AMUN,6,2025-04-25-06-46-07_UMBRA-09_MM.tif,25/04/2025,4,25,2025,115,-66.783,50.544,66,NA,females present,Y,1,49.88400209,40.11599791,304.6431923,0.25,2,descending,VV,736314.9974,glacier,1,25/04/2025 6:46,6:46:07,06:46:07 UTC,25/04/2025,25/04/2025 6:46,16.25555419921875,264.99798583984375,52.01013582423516,16.302222222222223,255.98452758789062,48.081137228888565,52.01013582423516
161,Amundsen,AMUN,6,2025-05-25-05-21-25_UMBRA-08_MM.tif,25/05/2025,5,25,2025,145,-66.783,50.544,66,45.602637,females present,,2,49.786339,40.213661,99.64649218,0.25,2,descending,VV,630600.3158,glacier,2,25/05/2025 5:21,5:21:25,05:21:25 UTC,25/05/2025,25/05/2025 5:21,2.881366253,257.82855224609375,84.99417296282104,0,254.15997314453125,73.32680266609076,84.99417296282104
162,Amundsen,AMUN,6,2025-06-30-05-19-39_UMBRA-05_MM.tif,30/06/2025,6,30,2025,181,-66.783,50.544,66,60.999984,male huddle,,2,50.06397937,39.93602063,306.6070241,0.25,2,descending,VV,598128.2835,glacier,2,30/06/2025 5:19,5:19:39,05:19:39 UTC,30/06/2025,30/06/2025 5:19,1.958867073059082,261.18585205078125,105.00394733542106,0,260.36505126953125,93.56728817231271,105.00394733542106
163,Amundsen,AMUN,6,2025-07-19-06-25-34_UMBRA-08_MM.tif,19/07/2025,7,19,2025,200,-66.783,50.544,66,42.780905,male huddle,,2,53.51006088,36.48993912,320.7774331,0.25,2,descending,HH,589593.2225,glacier,2,19/07/2025 6:25,6:25:34,06:25:34 UTC,19/07/2025,19/07/2025 6:25,9.060757637023926,265.2730712890625,58.056508682570595,0,257.5814208984375,53.81336507278952,58.056508682570595
164,Amundsen,AMUN,6,2025-08-09-04-25-37_UMBRA-05_MM.tif,9/08/2025,8,9,2025,221,-66.783,50.544,66,NA,female return,Y,1,51.56870681,38.43129319,82.0862995,0.25,2,descending,VV,573690.4162,glacier,1,9/08/2025 4:25,4:25:37,04:25:37 UTC,9/08/2025,9/08/2025 4:25,3.8846724033355713,253.34072875976562,47.950968827225736,0,243.1560059,39.62400951540554,47.950968827225736
165,Amundsen,AMUN,6,2025-08-23-19-44-04_UMBRA-05_MM.tif,23/08/2025,8,23,2025,235,-66.783,50.544,66,NA,female return,Y,1,50.53888189,39.46111811,217.7135617,0.25,2,ascending,VV,571440.3359,glacier,1,23/08/2025 19:44,19:44:04,19:44:04 UTC,23/08/2025,23/08/2025 19:44,1.7307707071304321,253.2451172,84.44814032216182,0,249.16366577148438,69.71938559035664,84.44814032216182
166,Casey,CSBY,6,2025-04-25-04-21-16_UMBRA-05_MM.tif,25/04/2025,4,25,2025,115,-67.312,46.957,300,467.901352,females present,,3,49.99611062,40.00388938,96.2878569,0.25,2,descending,VV,622505.9137,first year,3,25/04/2025 4:21,4:21:16,04:21:16 UTC,25/04/2025,25/04/2025 4:21,13.384017944335938,266.65045166015625,64.38555513309312,0,260.2938232421875,60.478060452489956,64.38555513309312
167,Casey,CSBY,6,2025-05-23-04-31-18_UMBRA-05_MM.tif,23/05/2025,5,23,2025,143,-67.312,46.957,300,299.099084,females present,,3,53.27601794,36.72398206,81.31735449,0.25,2,descending,VV,582747.2,first year,3,23/05/2025 4:31,4:31:18,04:31:18 UTC,23/05/2025,23/05/2025 4:31,11.715496063232422,262.4267883300781,77.04120905909745,0,257.9548034667969,69.47655770888852,77.04120905909745
168,Casey,CSBY,6,2025-06-30-05-43-50_UMBRA-08_MM.tif,30/06/2025,6,30,2025,181,-67.312,46.957,300,213.866798,male huddle,,3,52.70078763,37.29921237,81.69574718,0.25,2,descending,VV,599834.444,first year,3,30/06/2025 5:43,5:43:50,05:43:50 UTC,30/06/2025,30/06/2025 5:43,8.229335785,263.3155517578125,97.73419359988695,0,261.8392333984375,88.89650504206284,97.73419359988695
169,Casey,CSBY,6,2025-07-23-19-02-07_UMBRA-05_MM.tif,23/07/2025,7,23,2025,204,-67.312,46.957,300,278.496998,male huddle,,3,54.46668399,35.53331601,109.4059378,0.25,2,ascending,VV,563984.9958,first year,3,23/07/2025 19:02,19:02:07,19:02:07 UTC,23/07/2025,23/07/2025 19:02,2.2512094974517822,251.51058959960938,95.15442328756004,0,248.62277221679688,77.26625753,95.15442328756004
170,Casey,CSBY,6,2025-08-28-06-42-31_UMBRA-08_MM.tif,28/08/2025,8,28,2025,240,-67.312,46.957,300,337.510258,female return,,3,52.4848555,37.5151445,321.4450956,0.25,2,descending,HH,581351.8355,first year,3,28/08/2025 6:42,6:42:31,06:42:31 UTC,28/08/2025,28/08/2025 6:42,2.0564756393432617,252.1839141845703,87.35491581,75.46666666666667,248.40267944335938,71.39073873018269,87.35491581
150,Fold,FOLD,6,2025-04-25-05-45-30_UMBRA-08_MM.tif,25/04/2025,4,25,2025,115,-67.325,59.3567,288,131.108023,females present,,5,57.05246935,32.94753065,264.2235145,0.25,2,descending,VV,587464.0111,first year,5,25/04/2025 5:45,5:45:30,05:45:30 UTC,25/04/2025,25/04/2025 5:45,10.726263046264648,258.84893798828125,75.61703661262167,0.7822222222222223,253.89744567871094,65.88080489889059,75.61703661262167
151,Fold,FOLD,6,2025-05-23-04-46-38_UMBRA-08_MM.tif,23/05/2025,5,23,2025,143,-67.325,59.3567,288,130.822946,females present,,5,50.68075558,39.31924442,90.18475465,0.25,2,descending,VV,623139.4922,first year,5,23/05/2025 4:46,4:46:38,04:46:38 UTC,23/05/2025,23/05/2025 4:46,12.04162883758545,258.0674133300781,88.73933247258421,0,254.92160034179688,76.73403036140621,88.73933247258421
152,Fold,FOLD,6,2025-06-30-03-46-38_UMBRA-05_MM.tif,30/06/2025,6,30,2025,181,-67.325,59.3567,288,82.397341,male huddle,,5,54.91029793,35.08970207,80.90101883,0.25,2,descending,HH,565080.2654,first year,5,30/06/2025 3:46,3:46:38,03:46:38 UTC,30/06/2025,30/06/2025 3:46,17.52469825744629,258.9199219,84.49431665555477,0,255.26959228515625,73.66540760928572,84.49431665555477
153,Fold,FOLD,6,2025-07-20-03-39-51_UMBRA-05_MM.tif,20/07/2025,7,20,2025,201,-67.325,59.3567,288,67.450109,male huddle,,5,50.13857088,39.86142912,97.14406632,0.25,2,descending,VV,595298.8558,first year,5,20/07/2025 3:39,3:39:51,03:39:51 UTC,20/07/2025,20/07/2025 3:39,6.511038780212402,255.59400939941406,62.512285167636335,0,248.31492614746094,52.784979129136275,62.512285167636335
154,Fold,FOLD,6,2025-08-21-05-08-52_UMBRA-09_MM.tif,21/08/2025,8,21,2025,233,-67.325,59.3567,288,NA,female return,Y,1,56.00493676,33.99506324,82.98788902,0.25,2,descending,HH,677119.1844,first year,1,21/08/2025 5:08,5:08:52,05:08:52 UTC,21/08/2025,21/08/2025 5:08,6.824074745178223,248.31817626953125,66.91063493,56.46222222222222,241.4901580810547,52.70569866450393,66.91063493
155,Kloa,KLOA,6,2025-04-26-03-49-01_UMBRA-05_MM.tif,26/04/2025,4,26,2025,116,-66.641,57.278,1290,NA,females present,Y,2,51.69804935,38.30195065,81.84798477,0.25,2,descending,VV,608111.3784,first year,5,26/04/2025 3:49,3:49:01,03:49:01 UTC,26/04/2025,26/04/2025 3:49,5.995401382446289,262.5485534667969,74.72310029654825,0,257.7183837890625,67.46524621,74.72310029654825
156,Kloa,KLOA,6,2025-05-24-05-13-47_UMBRA-10_MM.tif,24/05/2025,5,24,2025,144,-66.641,57.278,1290,1568.488494,females present,,5,54.96460094,35.03539906,82.52227762,0.25,2,descending,HH,691485.121,first year,5,24/05/2025 5:13,5:13:47,05:13:47 UTC,24/05/2025,24/05/2025 5:13,2.556694507598877,257.72369384765625,88.19812149172861,0,254.47755432128906,76.01420582120036,88.19812149172861
157,Kloa,KLOA,6,2025-06-28-19-29-51_UMBRA-08_MM.tif,28/06/2025,6,28,2025,179,-66.641,57.278,1290,670.136869,male huddle,,5,57.4522405,32.5477595,109.4491845,0.35,2,ascending,HH,571023.766,first year,5,28/06/2025 19:29,19:29:51,19:29:51 UTC,28/06/2025,28/06/2025 19:29,0.8243154883384705,250.43748474121094,78.99993235701112,0,245.45252990722656,63.49535618427108,78.99993235701112
158,Kloa,KLOA,6,2025-07-24-19-29-38_UMBRA-08_MM.tif,24/07/2025,7,24,2025,205,-66.641,57.278,1290,567.198194,male huddle,,5,54.44537762,35.55462238,110.4033238,0.25,2,ascending,VV,583456.6813,first year,5,24/07/2025 19:29,19:29:38,19:29:38 UTC,24/07/2025,24/07/2025 19:29,4.964018345,249.23977661132812,81.24649699246143,0,244.48626708984375,64.56075655409667,81.24649699246143
159,Kloa,KLOA,6,2025-08-20-05-13-18_UMBRA-10_MM.tif,20/08/2025,8,20,2025,232,-66.641,57.278,1290,NA,female return,Y,2,51.13387049,38.86612951,88.67643831,0.25,2,descending,VV,716422.4455,first year,2,20/08/2025 5:13,5:13:18,05:13:18 UTC,20/08/2025,20/08/2025 5:13,4.152410984039307,244.55584716796875,90.47910845559659,42.275555555555556,240.6527862548828,68.78267985097985,90.47910845559659
144,Taylor,TAYG,6,2025-04-25-05-44-50_UMBRA-08_MM.tif,25/04/2025,4,25,2025,115,-67.4551,60.8827,799,665.024029,females present,,3,50.09030166,39.90969834,307.0898026,0.25,2,descending,VV,635700.041,rock,3,25/04/2025 5:44,5:44:50,05:44:50 UTC,25/04/2025,25/04/2025 5:44,8.604821205,257.67706298828125,63.36910259058817,1.12,250.63963317871094,54.590634314231416,63.36910259058817
145,Taylor,TAYG,6,2025-05-23-19-04-09_UMBRA-08_MM.tif,23/05/2025,5,23,2025,143,-67.4551,60.8827,799,537.907323,females present,,3,50.21742879,39.78257121,98.07338424,0.25,2,ascending,VV,627619.214,rock,3,23/05/2025 19:04,19:04:09,19:04:09 UTC,23/05/2025,23/05/2025 19:04,8.438566207885742,257.03997802734375,60.620984216625956,0,249.4788360595703,51.90417730268249,60.620984216625956
146,Taylor,TAYG,6,2025-06-26-04-40-15_UMBRA-05_MM.tif,26/06/2025,6,26,2025,177,-67.4551,60.8827,799,NA,NA,,,48.96554167,41.03445833,293.7918131,0.25,2,descending,VV,607725.3506,rock,,26/06/2025 4:40,4:40:15,04:40:15 UTC,26/06/2025,26/06/2025 4:40,5.898302078,254.6635284423828,52.88818588585153,0,245.5382537841797,44.26142913961989,52.88818588585153
147,Taylor,TAYG,6,2025-07-08-03-29-32_UMBRA-05_MM.tif,8/07/2025,7,8,2025,189,-67.4551,60.8827,799,350.98565,male huddle,,3,49.35204,40.64795681,104.3434795,0.25,2,descending,VV,604074.5178,rock,3,8/07/2025 3:29,3:29:32,03:29:32 UTC,8/07/2025,8/07/2025 3:29,4.767225742340088,244.95248413085938,58.88268430404112,0,236.75132751464844,44.93014880215835,58.88268430404112
148,Taylor,TAYG,6,2025-07-22-04-47-04_UMBRA-08_MM.tif,22/07/2025,7,22,2025,203,-67.4551,60.8827,799,411.894313,male huddle,,3,51.37412102,38.62587898,85.03495032,0.25,2,descending,VV,605132.5412,rock,2,22/07/2025 4:47,4:47:04,04:47:04 UTC,22/07/2025,22/07/2025 4:47,9.141545295715332,250.82334899902344,51.17112707725871,0,241.2883758544922,41.27982038670475,51.17112707725871
149,Taylor,TAYG,6,2025-08-21-18-03-02_UMBRA-05_MM.tif,21/08/2025,8,21,2025,233,-67.4551,60.8827,799,NA,female return,Y,2,49.78284979,40.21715021,97.33776591,0.25,2,ascending,VV,577726.3296,rock,2,21/08/2025 18:03,18:03:02,18:03:02 UTC,21/08/2025,21/08/2025 18:03,4.7906365394592285,242.4922332763672,67.07604207608117,0,235.51687622070312,50.01548460545447,67.07604207608117
171,Umbeosi,UMBE,6,2025-06-27-05-45-30_UMBRA-08_MM.tif,27/06/2025,6,27,2025,178,-68.05,43.08,112,83.139,male huddle,,5,49.35035328,40.64964672,105.940277,0.25,2,descending,VV,626951.1268,first year,5,27/06/2025 5:45,5:45:30,05:45:30 UTC,27/06/2025,27/06/2025 5:45,4.606220245361328,255.85195922851562,70.33112169259941,0,249.89283752441406,59.53445229916556,70.33112169259941
172,Umbeosi,UMBE,6,2025-07-21-06-04-22_UMBRA-10_MM.tif,21/07/2025,7,21,2025,202,-68.05,43.08,112,82.816598,male huddle,,5,53.05217636,36.94782364,84.45415719,0.25,2,descending,VV,705257.588,first year,5,21/07/2025 6:04,6:04:22,06:04:22 UTC,21/07/2025,21/07/2025 6:04,7.325235366821289,258.3692932128906,54.895997554790405,0,249.74948120117188,47.60739473149523,54.895997554790405
173,Umbeosi,UMBE,6,2025-08-21-20-29-02_UMBRA-08_MM.tif,21/08/2025,8,21,2025,233,-68.05,43.08,112,213.826361,female return,Y,5,51.3892956,38.6107044,106.964211,0.25,2,ascending,VV,593516.0336,first year,5,21/08/2025 20:29,20:29:02,20:29:02 UTC,21/08/2025,21/08/2025 20:29,8.147662162780762,255.7492218017578,61.723759345071464,0,248.33651733398438,52.196894178183776,61.723759345071464
182,Astrid,ASTD,7,2025-04-25-22-55-40_UMBRA-09_MM.tif,25/04/2025,4,25,2025,115,-69.948,8.318,3255,2087.013103,females present,,4,50.74762105,39.25237895,103.3779507,0.25,2,ascending,VV,730164.2878,first year,4,25/04/2025 22:55,22:55:40,22:55:40 UTC,25/04/2025,25/04/2025 22:55,17.440532684326172,266.0050354003906,64.61182703833842,0,259.65020751953125,60.31394821448171,64.61182703833842
183,Astrid,ASTD,7,2025-06-26-07-48-26_UMBRA-05_MM.tif,26/06/2025,6,26,2025,177,-69.948,8.318,3255,1077.039133,male huddle,,4,63.76270339,26.23729661,279.8547535,0.35,2,descending,VV,521037.9836,first year,4,26/06/2025 7:48,7:48:26,07:48:26 UTC,26/06/2025,26/06/2025 7:48,4.360045909881592,256.5953369140625,70.88409090801154,0,250.7650604248047,60.432646485453624,70.88409090801154
184,Astrid,ASTD,7,2025-06-26-09-29-49_UMBRA-09_MM.tif,26/06/2025,6,26,2025,177,-69.948,8.318,3255,1150.222875,male huddle,,5,50.18884612,39.81115388,308.9654682,0.25,2,descending,VV,730618.8885,first year,5,26/06/2025 9:29,9:29:49,09:29:49 UTC,26/06/2025,26/06/2025 9:29,4.228250503540039,255.81602478027344,73.91869735642729,0,250.4123992919922,62.54970026754235,73.91869735642729
187,Atka,ATKA,7,2025-04-28-00-26-22_UMBRA-10_MM.tif,28/04/2025,4,28,2025,118,-70.6142,-8.1317,6827,2054.183568,females present,,5,67.40403849,22.59596151,34.19813466,0.35,2,ascending,HH,624630.471,first year,5,28/04/2025 0:26,0:26:22,00:26:22 UTC,28/04/2025,28/04/2025 0:26,5.106523513793945,255.15003967285156,84.82389186827997,0,251.25413513183594,71.32014289796096,84.82389186827997
188,Atka,ATKA,7,2025-04-28-00-25-42_UMBRA-10_MM.tif,28/04/2025,4,28,2025,118,-70.6142,-8.1317,6827,NA,females present,Y,5,66.43882495,23.56117505,109.139827,0.5,2,ascending,HH,629290.5543,first year,5,28/04/2025 0:25,0:25:42,00:25:42 UTC,28/04/2025,28/04/2025 0:25,5.106523513793945,255.15003967285156,84.82389186827997,0,251.25413513183594,71.32014289796096,84.82389186827997
189,Atka,ATKA,7,2025-06-29-01-28-43_UMBRA-09_MM.tif,29/06/2025,6,29,2025,180,-70.6142,-8.1317,6827,1854.680865,male huddle,,5,58.98228069,31.01771931,231.6075487,0.25,2,ascending,VV,665427.4758,first year,5,29/06/2025 1:28,1:28:43,01:28:43 UTC,29/06/2025,29/06/2025 1:28,8.715947151184082,250.93154907226562,86.17794027985788,0,246.9157715,69.59164502747542,86.17794027985788
190,Atka,ATKA,7,2025-08-08-23-58-57_UMBRA-09_MM.tif,8/08/2025,8,8,2025,220,-70.6142,-8.1317,6827,3465.310644,female return,,5,44.50995298,45.49004702,56.53937284,0.5,2,ascending,VV,785908.1474,first year,5,8/08/2025 23:58,23:58:57,23:58:57 UTC,8/08/2025,8/08/2025 23:58,11.11236286,259.7682800292969,93.85970695188554,0,257.4394531,82.50193552719838,93.85970695188554
191,Atka,ATKA,7,2025-09-05-10-11-38_UMBRA-09_MM.tif,5/09/2025,9,5,2025,248,-70.6142,-8.1317,6827,NA,,,2,73.18995112,16.81004888,269.6348423,0.5,2,descending,HH,594230.1365,first year,2,5/09/2025 10:11,10:11:38,10:11:38 UTC,5/09/2025,5/09/2025 10:11,16.29483413696289,255.7111053466797,96.88693722865258,0,253.38128662109375,81.90276159690599,96.88693722865258
174,Gunnerus,GUNN,7,2025-04-26-21-17-18_UMBRA-09_MM.tif,26/04/2025,4,26,2025,116,-68.7803,34.3965,2793,2088.930915,females present,,4,56.2373195,33.7626805,108.930768,0.25,2,ascending,HH,685402.571,first year,4,26/04/2025 21:17,21:17:18,21:17:18 UTC,26/04/2025,26/04/2025 21:17,9.910567283630371,260.3449707,76.08596082090145,0,255.5699005126953,67.25163277,76.08596082090145
175,Gunnerus,GUNN,7,2025-05-27-05-21-43_UMBRA-05_MM.tif,27/05/2025,5,27,2025,147,-68.7803,34.3965,2793,931.517636,females present,,5,60.44742818,29.55257182,79.62309363,0.35,2,descending,HH,540377.202,first year,5,27/05/2025 5:21,5:21:43,05:21:43 UTC,27/05/2025,27/05/2025 5:21,2.729163885116577,253.88345336914062,75.30935610814073,0,248.5742950439453,62.55582037036761,75.30935610814073
176,Gunnerus,GUNN,7,2025-06-25-19-30-01_UMBRA-05_MM.tif,25/06/2025,6,25,2025,176,-68.7803,34.3965,2793,1038.993498,male huddle,,5,37.41510303,52.58489697,107.103955,1,2,ascending,VV,738673.1438,first year,5,25/06/2025 19:30,19:30:01,19:30:01 UTC,25/06/2025,25/06/2025 19:30,12.69926643371582,266.17266845703125,91.70491399702505,0,264.1987305,85.74337873753568,91.70491399702505
177,Gunnerus,GUNN,7,2025-07-22-05-29-36_UMBRA-05_MM.tif,22/07/2025,7,22,2025,203,-68.7803,34.3965,2793,606.383167,male huddle,,5,64.13702927,25.86297073,80.2687604,0.35,2,descending,HH,515289.1751,first year,5,22/07/2025 5:29,5:29:36,05:29:36 UTC,22/07/2025,22/07/2025 5:29,10.182199478149414,259.2354736328125,82.52611658474558,0,255.3332977294922,72.16843881194379,82.52611658474558
178,Gunnerus,GUNN,7,2025-08-23-05-35-12_UMBRA-05_MM.tif,23/08/2025,8,23,2025,235,-68.7803,34.3965,2793,NA,female return,Y,2,66.06315248,23.93684752,80.43737405,0.35,2,descending,HH,490893.6883,first year,2,23/08/2025 5:35,5:35:12,05:35:12 UTC,23/08/2025,23/08/2025 5:35,12.361451148986816,253.74403381347656,73.77645880769603,0.12444444444444444,248.20033264160156,61.20070778578596,73.77645880769603
179,Ragnhild,RAGN,7,2025-07-30-06-34-25_UMBRA-08_MM.tif,30/07/2025,7,30,2025,211,-69.990237,27.075879,4626,NA,NA,,1,37.80790358,52.19209642,81.87649485,1,2,descending,VV,744228.2398,first year,1,30/07/2025 6:34,6:34:25,06:34:25 UTC,30/07/2025,30/07/2025 6:34,14.853886604309082,254.1520538330078,68.20208166350797,0,247.76658630371094,56.79817969030216,68.20208166350797
180,Ragnhild,RAGN,7,2025-08-12-05-29-51_UMBRA-05_MM.tif,12/08/2025,8,12,2025,224,-69.990237,27.075879,4626,NA,NA,,1,38.53845123,51.46154877,80.08673194,1,2,descending,VV,699257.8185,first year,1,12/08/2025 5:29,5:29:51,05:29:51 UTC,12/08/2025,12/08/2025 5:29,9.024053573608398,255.76576232910156,83.63376934241272,0,251.75462341308594,70.73639984,83.63376934241272
181,Ragnhild,RAGN,7,2025-08-20-06-52-08_UMBRA-08_MM.tif,20/08/2025,8,20,2025,232,-69.990237,27.075879,4626,NA,NA,,1,51.82114084,38.17885916,85.26627521,0.25,2,descending,VV,591309.379,first year,1,20/08/2025 6:52,6:52:08,06:52:08 UTC,20/08/2025,20/08/2025 6:52,3.919229030609131,252.7225799560547,81.91375604213682,0.5511111111111111,248.26927185058594,67.28967928,81.91375604213682
185,Sanae,SANA,7,2025-06-29-01-27-54_UMBRA-09_MM.tif,29/06/2025,6,29,2025,180,-69.89898,-1.2625632,4411,1283.836943,male huddle,,5,37.64750398,52.35249602,201.1093603,1,2,ascending,VV,889934.8955,first year,5,29/06/2025 1:27,1:27:54,01:27:54 UTC,29/06/2025,29/06/2025 1:27,10.08938217163086,253.95108032226562,90.93566839474211,0,250.7497559,75.58480548519196,90.93566839474211
186,Sanae,SANA,7,2025-09-05-10-10-32_UMBRA-09_MM.tif,5/09/2025,9,5,2025,248,-69.89898,-1.2625632,4411,3355.307561,female return,,3,50.70493572,39.29506428,312.6240855,0.25,2,descending,VV,717389.7065,first year,3,5/09/2025 10:10,10:10:32,10:10:32 UTC,5/09/2025,5/09/2025 10:10,12.170308113098145,253.6583709716797,95.88922710763865,0.053333333,251.03167724609375,79.47893744260087,95.88922710763865
196,Dawson,DAWS,8,2025-07-15-03-28-46_UMBRA-09_MM.tif,15/07/2025,7,15,2025,196,-76.0653,-26.7881,4308,3243.940216,male huddle,,5,62.53764954,27.46235046,188.8091428,0.35,2,ascending,HH,644552.2037,first year,5,15/07/2025 3:28,3:28:46,03:28:46 UTC,15/07/2025,15/07/2025 3:28,4.411257743835449,254.64093017578125,80.82006706309471,0,250.16461181640625,67.62259492,80.82006706309471
197,Dawson,DAWS,8,2025-07-25-04-18-28_UMBRA-09_MM.tif,25/07/2025,7,25,2025,206,-76.0653,-26.7881,4308,NA,NA,Y,5,49.35712465,40.64287535,200.4396391,0.25,2,ascending,VV,739156.7007,multi year,5,25/07/2025 4:18,4:18:28,04:18:28 UTC,25/07/2025,25/07/2025 4:18,20.458101272583008,258.7116699,88.06733875949816,0,255.53123474121094,76.62669575829791,88.06733875949816
198,Dawson,DAWS,8,2025-07-29-03-59-42_UMBRA-09_MM.tif,29/07/2025,7,29,2025,210,-76.0653,-26.7881,4308,NA,NA,Y,2,51.28744504,38.71255496,187.5555123,0.25,2,ascending,VV,720562.1141,multi year,2,29/07/2025 3:59,3:59:42,03:59:42 UTC,29/07/2025,29/07/2025 3:59,4.342218399047852,256.5004883,85.42049056783532,0,252.78607177734375,72.75937890751673,85.42049056783532
199,Dawson,DAWS,8,2025-08-07-03-17-04_UMBRA-09_MM.tif,7/08/2025,8,7,2025,219,-76.0653,-26.7881,4308,NA,NA,Y,2,70.11690942,19.88309058,191.9647684,0.5,2,ascending,HH,608941.4778,multi year,2,7/08/2025 3:17,3:17:04,03:17:04 UTC,7/08/2025,7/08/2025 3:17,11.257461547851562,259.38677978515625,70.27678888642077,0,253.62118530273438,61.54612906687213,70.27678888642077
200,Dawson,DAWS,8,2025-08-20-03-46-20_UMBRA-09_MM.tif,20/08/2025,8,20,2025,232,-76.0653,-26.7881,4308,NA,NA,Y,2,55.51426585,34.48573415,186.8150539,0.25,2,ascending,HH,683824.3188,multi year,2,20/08/2025 3:46,3:46:20,03:46:20 UTC,20/08/2025,20/08/2025 3:46,4.068356990814209,253.1647949,82.55815756316747,0,248.8269805908203,68.10664690329605,82.55815756316747
206,Drescher,DRES,8,2025-05-31-03-21-38_UMBRA-09_MM.tif,31/05/2025,5,31,2025,151,-72.860013,-19.222911,7387,3079.044567,females present,,5,37.39556261,52.60443739,198.6994977,1,2,ascending,VV,895392.5016,first year,5,31/05/2025 3:21,3:21:38,03:21:38 UTC,31/05/2025,31/05/2025 3:21,7.961007595062256,256.15325927734375,100.06451004958853,0,254.23826599121094,84.94892766644888,100.06451004958853
207,Drescher,DRES,8,2025-06-26-03-15-06_UMBRA-09_MM.tif,26/06/2025,6,26,2025,177,-72.860013,-19.222911,7387,2103.414542,male huddle,,5,37.67159592,52.32840408,192.7712485,1,2,ascending,VV,890212.1211,first year,5,26/06/2025 3:15,3:15:06,03:15:06 UTC,26/06/2025,26/06/2025 3:15,6.889343262,252.1495361328125,101.6039424895564,0,250.04421997070312,83.00846395899113,101.6039424895564
208,Drescher,DRES,8,2025-07-23-02-53-22_UMBRA-09_MM.tif,23/07/2025,7,23,2025,204,-72.860013,-19.222911,7387,1518.906669,male huddle,,5,49.3173152,40.6826848,214.0752192,0.25,2,ascending,VV,739245.5291,first year,5,23/07/2025 2:53,2:53:22,02:53:22 UTC,23/07/2025,23/07/2025 2:53,12.412013053894043,252.85423278808594,95.05029198225823,0,250.06202697753906,78.17935986314156,95.05029198225823
209,Drescher,DRES,8,2025-08-23-03-31-21_UMBRA-09_MM.tif,23/08/2025,8,23,2025,235,-72.860013,-19.222911,7387,4535.973262,female return,,3,37.31635264,52.68364736,205.9997678,1,2,ascending,VV,887932.0628,first year,3,23/08/2025 3:31,3:31:21,03:31:21 UTC,23/08/2025,23/08/2025 3:31,3.3316454887390137,247.37001037597656,97.46882220744578,0,244.4282684326172,76.08958543490868,97.46882220744578
201,Luitpold,LUIT,8,2025-04-25-02-08-09_UMBRA-09_MM.tif,25/04/2025,4,25,2025,115,-77.271,-33.552,4626,NA,females present,Y,1,49.7900342,40.2099658,90.62939724,0.25,2,ascending,VV,740882.4589,first year,1,25/04/2025 2:08,2:08:09,02:08:09 UTC,25/04/2025,25/04/2025 2:08,11.26840591430664,260.6385498046875,47.062415496239915,0,250.35198974609375,41.71587516711202,47.062415496239915
202,Luitpold,LUIT,8,2025-06-08-02-51-37_UMBRA-09_MM.tif,8/06/2025,6,8,2025,159,-77.271,-33.552,4626,1115.448959,females present,,3,67.27758565,22.72241435,95.31228769,0.35,2,ascending,HH,624440.4662,first year,3,8/06/2025 2:51,2:51:37,02:51:37 UTC,8/06/2025,8/06/2025 2:51,7.377375126,246.53067016601562,72.79420044,0,240.5012664794922,56.37788173228074,72.79420044
203,Luitpold,LUIT,8,2025-06-26-07-51-20_UMBRA-05_MM.tif,26/06/2025,6,26,2025,177,-77.271,-33.552,4626,722.049804,male huddle,,4,49.35745907,40.64254093,133.782947,0.25,2,descending,VV,609542.6375,first year,4,26/06/2025 7:51,7:51:20,07:51:20 UTC,26/06/2025,26/06/2025 7:51,7.209812164306641,246.52500915527344,78.58566573198672,0,241.2806854248047,60.860018959435735,78.58566573198672
204,Luitpold,LUIT,8,2025-07-24-02-48-17_UMBRA-09_MM.tif,24/07/2025,7,24,2025,205,-77.271,-33.552,4626,662.218317,male huddle,,3,63.03453521,26.96546479,98.51576583,0.35,2,ascending,HH,641001.4462,first year,3,24/07/2025 2:48,2:48:17,02:48:17 UTC,24/07/2025,24/07/2025 2:48,14.212419509887695,253.9396973,87.56643526145626,0,250.3129119873047,72.77639377702813,87.56643526145626
205,Luitpold,LUIT,8,2025-08-26-03-15-44_UMBRA-09_MM.tif,26/08/2025,8,26,2025,238,-77.271,-33.552,4626,NA,female return,Y,1,79.10489948,10.89510052,92.42716544,1,2,ascending,HH,583798.8099,first year,1,26/08/2025 3:15,3:15:44,03:15:44 UTC,26/08/2025,26/08/2025 3:15,13.486504554748535,263.1799621582031,82.81387090833739,0,259.6461181640625,75.22691074,82.81387090833739
192,Riiser,RIIS,8,2025-06-06-02-59-32_UMBRA-09_MM.tif,6/06/2025,6,6,2025,157,-72.0688,-15.1772,4983,NA,females present,Y,4,37.30750222,52.69249778,209.6324501,1,2,ascending,VV,896802.8536,first year,4,6/06/2025 2:59,2:59:32,02:59:32 UTC,6/06/2025,6/06/2025 2:59,8.762470245361328,248.94496154785156,96.83415239567613,0,246.05014038085938,76.73183933,96.83415239567613
193,Riiser,RIIS,8,2025-06-26-09-32-06_UMBRA-09_MM.tif,26/06/2025,6,26,2025,177,-72.0688,-15.1772,4983,1150.321739,male huddle,,5,57.18542389,32.81457611,159.060739,0.25,2,descending,HH,677282.9754,first year,5,26/06/2025 9:32,9:32:06,09:32:06 UTC,26/06/2025,26/06/2025 9:32,6.4453229904174805,250.06344604492188,99.37673248651676,0,247.5373535,79.58888984733825,99.37673248651676
194,Riiser,RIIS,8,2025-07-21-03-02-23_UMBRA-09_MM.tif,21/07/2025,7,21,2025,202,-72.0688,-15.1772,4983,1251.331784,male huddle,,5,37.27687686,52.72312314,210.7178663,1,2,ascending,VV,893781.9836,first year,5,21/07/2025 3:02,3:02:23,03:02:23 UTC,21/07/2025,21/07/2025 3:02,5.977333068847656,251.5403594970703,99.07277189781372,0,249.10174560546875,80.47086313192234,99.07277189781372
195,Riiser,RIIS,8,2025-08-29-02-59-45_UMBRA-09_MM.tif,29/08/2025,8,29,2025,241,-72.0688,-15.1772,4983,NA,female return,Y,3,37.41511413,52.58488587,204.0562917,1,2,ascending,VV,885954.3977,first year,3,29/08/2025 2:59,2:59:45,02:59:45 UTC,29/08/2025,29/08/2025 2:59,7.398965835571289,262.7729492,80.40663045715766,0,258.8453369140625,72.75402534482966,80.40663045715766
210,Stancomb,STCB,8,2025-05-30-03-25-34_UMBRA-09_MM.tif,30/05/2025,5,30,2025,150,-74.0676,-23.2249,6028,2143.807259,females present,,4,48.9146906,41.0853094,213.6793614,0.25,2,ascending,VV,746539.0976,first year,4,30/05/2025 3:25,3:25:34,03:25:34 UTC,30/05/2025,30/05/2025 3:25,7.694792271,254.88563537597656,95.10794653739981,0,252.27040100097656,79.76436677449605,95.10794653739981
211,Stancomb,STCB,8,2025-07-10-03-51-10_UMBRA-09_MM.tif,10/07/2025,7,10,2025,191,-74.0676,-23.2249,6028,1643.241105,male huddle,,3,42.12744347,47.87255653,213.0213197,1,1,ascending,VV,822471.2504,first year,3,10/07/2025 3:51,3:51:10,03:51:10 UTC,10/07/2025,10/07/2025 3:51,3.6743335723876953,249.2672119140625,93.87574553490002,0,246.0617218017578,74.61577399436317,93.87574553490002
212,Stancomb,STCB,8,2025-07-18-03-15-35_UMBRA-09_MM.tif,18/07/2025,7,18,2025,199,-74.0676,-23.2249,6028,1435.868662,male huddle,,3,50.69392475,39.30607525,198.5826304,0.25,2,ascending,VV,727334.5973,first year,3,18/07/2025 3:15,3:15:35,03:15:35 UTC,18/07/2025,18/07/2025 3:15,4.588780879974365,251.7421417236328,97.96131211876954,0,249.19503784179688,79.72157167170297,97.96131211876954
213,Stancomb,STCB,8,2025-08-24-03-26-09_UMBRA-09_MM.tif,24/08/2025,8,24,2025,236,-74.0676,-23.2249,6028,1843.165817,female return,,3,49.55603321,40.44396679,208.0189844,0.25,2,ascending,VV,732990.4165,rough,3,24/08/2025 3:26,3:26:09,03:26:09 UTC,24/08/2025,24/08/2025 3:26,4.3754658699035645,245.39439392089844,94.44843371125647,0,241.98582458496094,72.36882719231836,94.44843371125647
219,Dolleman,DOLL,9,2025-06-28-12-34-56_UMBRA-09_MM.tif,28/06/2025,6,28,2025,179,-70.6754,-60.535,3768,1756.912968,male huddle,,3,50.54602279,39.45397721,157.3690883,0.25,2,descending,VV,729370.7335,multi year,3,28/06/2025 12:34,12:34:56,12:34:56 UTC,28/06/2025,28/06/2025 12:34,2.7092509269714355,261.1137695,72.72942431785496,0,255.86001586914062,64.76297135803497,72.72942431785496
220,Dolleman,DOLL,9,2025-07-20-11-28-25_UMBRA-05_MM.tif,20/07/2025,7,20,2025,201,-70.6754,-60.535,3768,975.348962,male huddle,,3,58.28906627,31.71093373,138.4620011,0.25,2,descending,VV,544016.2534,multi year,3,20/07/2025 11:28,11:28:25,11:28:25 UTC,20/07/2025,20/07/2025 11:28,3.5359678268432617,257.8600158691406,94.32907334309887,0,255.41293334960938,81.40491881131155,94.32907334309887
221,Dolleman,DOLL,9,2025-08-20-03-48-50_UMBRA-09_MM.tif,20/08/2025,8,20,2025,232,-70.6754,-60.535,3768,916.00602,female return,,3,54.91346149,35.08653851,108.4981066,0.25,2,ascending,HH,686608.5836,rough,3,20/08/2025 3:48,3:48:50,03:48:50 UTC,20/08/2025,20/08/2025 3:48,3.1686313152313232,247.182373,102.30212512658868,0,244.7410430908203,79.72101608,102.30212512658868
222,Gipps,GPIR,9,2025-04-28-03-37-42_UMBRA-09_MM.tif,28/04/2025,4,28,2025,118,-68.68,-60.86,200,NA,females present,Y,1,55.762554,34.237446,109.4615108,0.25,2,ascending,HH,688701.7501,rough,1,28/04/2025 3:37,3:37:42,03:37:42 UTC,28/04/2025,28/04/2025 3:37,1.2465343475341797,267.57781982421875,100.38156850158846,0,266.9263916015625,95.13658149266007,100.38156850158846
223,Gipps,GPIR,9,2025-05-27-11-36-25_UMBRA-05_MM.tif,27/05/2025,5,27,2025,147,-68.68,-60.86,200,NA,females present,Y,1,53.87090248,36.12909752,82.45386873,0.25,2,descending,VV,577529.0171,rough,1,27/05/2025 11:36,11:36:25,11:36:25 UTC,27/05/2025,27/05/2025 11:36,6.554811954498291,266.3067626953125,73.73931205333118,0,261.6025391,69.03491609799443,73.73931205333118
224,Gipps,GPIR,9,2025-06-29-14-04-42_UMBRA-09_MM.tif,29/06/2025,6,29,2025,180,-68.68,-60.86,200,60.263865,male huddle,,3,57.1499925,32.8500075,276.20516,0.25,2,descending,VV,675454.1409,rough,3,29/06/2025 14:04,14:04:42,14:04:42 UTC,29/06/2025,29/06/2025 14:04,8.610375404,266.50506591796875,98.68786263527724,0,265.5069580078125,92.56869751428871,98.68786263527724
225,Gipps,GPIR,9,2025-07-18-12-44-06_UMBRA-05_MM.tif,18/07/2025,7,18,2025,199,-68.68,-60.86,200,88.595241,male huddle,,3,51.43568208,38.56431792,286.0721448,0.25,2,descending,VV,585967.1174,rough,3,18/07/2025 12:44,12:44:06,12:44:06 UTC,18/07/2025,18/07/2025 12:44,1.0558743476867676,258.57208251953125,100.10715480613457,0,256.8970947265625,86.98546356094865,100.10715480613457
226,Gipps,GPIR,9,2025-08-22-13-02-19_UMBRA-09_MM.tif,22/08/2025,8,22,2025,234,-68.68,-60.86,200,NA,NA,Y,1,56.18164457,33.81835543,84.71693684,0.25,2,descending,HH,676084.2468,first year,1,22/08/2025 13:02,13:02:19,13:02:19 UTC,22/08/2025,22/08/2025 13:02,3.6681041717529297,252.02622985839844,93.74024460272469,4.764444444444444,249.01321411132812,76.49377598825075,93.74024460272469
216,Jason,JASN,9,2025-07-04-04-20-08_UMBRA-09_MM.tif,4/07/2025,7,4,2025,185,-66.1,-60.669,1747,826.759754,male huddle,,3,65.12371412,24.87628588,209.5732556,0.35,2,ascending,HH,630498.9044,multi year,3,4/07/2025 4:20,4:20:08,04:20:08 UTC,4/07/2025,4/07/2025 4:20,3.5587527751922607,264.29473876953125,81.21431298642338,0,260.6184997558594,74.57151771790058,81.21431298642338
217,Jason,JASN,9,2025-07-25-14-02-56_UMBRA-08_MM.tif,25/07/2025,7,25,2025,206,-66.1,-60.669,1747,497.503775,male huddle,,3,48.85917182,41.14082818,291.5787876,0.25,2,descending,VV,622949.7166,multi year,3,25/07/2025 14:02,14:02:56,14:02:56 UTC,25/07/2025,25/07/2025 14:02,3.6387479305267334,249.21273803710938,83.32750494603846,14.293333333333333,244.72659301757812,66.19736538025974,83.32750494603846
218,Jason,JASN,9,2025-08-20-13-11-18_UMBRA-10_MM.tif,20/08/2025,8,20,2025,232,-66.1,-60.669,1747,NA,female return,Y,2,52.51689134,37.48310866,81.78797441,0.25,2,descending,VV,704049.2807,multi year,2,20/08/2025 13:11,13:11:18,13:11:18 UTC,20/08/2025,20/08/2025 13:11,6.6170854568481445,254.46189880371094,93.39458937535913,0,251.6037598,78.00970828999294,93.39458937535913
227,Smith,SMTH,9,2025-04-24-11-40-03_UMBRA-10_MM.tif,24/04/2025,4,24,2025,114,-74.369,-60.827,3197,NA,females present,,1,51.03199522,38.96800478,137.7518651,0.25,2,descending,VV,730119.5652,multi year,1,24/04/2025 11:40,11:40:03,11:40:03 UTC,24/04/2025,24/04/2025 11:40,2.1239118576049805,256.7248535,96.20653348123757,0,254.40499877929688,82.12362138,96.20653348123757
228,Smith,SMTH,9,2025-05-23-03-51-21_UMBRA-09_MM.tif,23/05/2025,5,23,2025,143,-74.369,-60.827,3197,395.04384,females present,,3,51.2316275,38.7683725,102.4518135,0.25,2,ascending,VV,724372.6654,multi year,3,23/05/2025 3:51,3:51:21,03:51:21 UTC,23/05/2025,23/05/2025 3:51,3.681027412414551,258.2753906,70.09676491359677,0,252.41432189941406,60.73501724,70.09676491359677
229,Smith,SMTH,9,2025-06-29-12-30-47_UMBRA-09_MM.tif,29/06/2025,6,29,2025,180,-74.369,-60.827,3197,437.930767,male huddle,,3,69.61795306,20.38204694,88.50174621,0.5,2,descending,HH,613780.2854,multi year,3,29/06/2025 12:30,12:30:47,12:30:47 UTC,29/06/2025,29/06/2025 12:30,4.069559574127197,248.37147521972656,87.39024450443782,0,244.3395996,68.87236944432878,87.39024450443782
230,Smith,SMTH,9,2025-07-19-12-06-55_UMBRA-05_MM.tif,19/07/2025,7,19,2025,200,-74.369,-60.827,3197,440.215181,male huddle,,3,58.26477124,31.73522876,330.0479215,0.35,2,descending,HH,544297.5187,multi year,3,19/07/2025 12:06,12:06:55,12:06:55 UTC,19/07/2025,19/07/2025 12:06,2.357421398162842,247.51577758789062,92.41691866421621,0,244.02037048339844,72.24543963827125,92.41691866421621
231,Smith,SMTH,9,2025-08-22-13-29-02_UMBRA-08_MM.tif,22/08/2025,8,22,2025,234,-74.369,-60.827,3197,330.582114,female return,,3,51.91466882,38.08533118,326.0991829,0.25,2,descending,HH,590074.4593,multi year,3,22/08/2025 13:29,13:29:02,13:29:02 UTC,22/08/2025,22/08/2025 13:29,3.0800793170928955,244.11216735839844,108.84651735883257,1.8488888888888888,242.08352661132812,82.40167375134396,108.84651735883257
214,Snow Hill,SNOW,9,2025-06-22-02-38-17_UMBRA-05_MM.tif,22/06/2025,6,22,2025,173,-64.524,-57.445,3329,1349.17845,male huddle,,2,55.82242275,34.17757725,256.7169324,0.25,2,ascending,VV,562818.7193,rough,2,22/06/2025 2:38,2:38:17,02:38:17 UTC,22/06/2025,22/06/2025 2:38,4.546258449554443,268.7116699,96.71847436319926,0,267.7091064453125,92.67243199373452,96.71847436319926
215,Snow Hill,SNOW,9,2025-08-29-13-53-03_UMBRA-08_MM.tif,29/08/2025,8,29,2025,241,-64.524,-57.445,3329,NA,female return,Y,1,49.66425199,40.33574801,302.1490515,0.25,2,descending,VV,600389.2362,rough,1,29/08/2025 13:53,13:53:03,13:53:03 UTC,29/08/2025,29/08/2025 13:53,4.558230876922607,265.35638427734375,79.74234155734497,141.31555555555556,261.54608154296875,73.97368641367655,79.74234155734497
242,Bear,BEAR,10,2025-04-25-06-56-35_UMBRA-10_MM.tif,25/04/2025,4,25,2025,115,-74.35,-110.24,3806,1756.748788,females present,,5,49.09465934,40.90534066,86.666973,0.25,2,ascending,VV,747672.3496,first year,5,25/04/2025 6:56,6:56:35,06:56:35 UTC,25/04/2025,25/04/2025 6:56,9.254328727722168,268.98236083984375,95.40570766964407,0,267.8321838378906,91.65340553152852,95.40570766964407
243,Bear,BEAR,10,2025-05-24-07-13-00_UMBRA-05_MM.tif,24/05/2025,5,24,2025,144,-74.35,-110.24,3806,1890.2454,females present,,5,51.83720514,38.16279486,195.7884461,0.25,2,ascending,VV,595899.7092,first year,5,24/05/2025 7:13,7:13:00,07:13:00 UTC,24/05/2025,24/05/2025 7:13,6.264928340911865,264.89923095703125,99.20963103003147,0,263.78533935546875,91.62771016322863,99.20963103003147
244,Bear,BEAR,10,2025-06-30-16-42-26_UMBRA-08_MM.tif,30/06/2025,6,30,2025,181,-74.35,-110.24,3806,848.3207,male huddle,,5,52.41095133,37.58904867,326.2317327,0.25,2,descending,HH,603360.9196,first year,5,30/06/2025 16:42,16:42:26,16:42:26 UTC,30/06/2025,30/06/2025 16:42,6.423486232757568,260.28167724609375,96.08204751199291,0,258.2839355,84.8741906,96.08204751199291
245,Bear,BEAR,10,2025-07-18-07-08-27_UMBRA-08_MM.tif,18/07/2025,7,18,2025,199,-74.35,-110.24,3806,742.760488,male huddle,,5,56.41703739,33.58296261,104.2780464,0.25,2,ascending,HH,575370.0386,first year,5,18/07/2025 7:08,7:08:27,07:08:27 UTC,18/07/2025,18/07/2025 7:08,1.7152787446975708,256.1202392578125,82.11797707102441,0,251.9265594482422,69.69125626018345,82.11797707102441
246,Bear,BEAR,10,2025-08-20-07-00-46_UMBRA-08_MM.tif,20/08/2025,8,20,2025,232,-74.35,-110.24,3806,NA,female return,Y,2,50.52837446,39.47162554,98.56446171,0.25,2,ascending,VV,602392.3185,first year,2,20/08/2025 7:00,7:00:46,07:00:46 UTC,20/08/2025,20/08/2025 7:00,4.699885845184326,263.67767333984375,96.30604414,0,262.0563965,87.90402141,96.30604414
247,Brownson,BSON,10,2025-05-19-06-56-29_UMBRA-05_MM.tif,19/05/2025,5,19,2025,139,-74.1414,-103.6357,4055,3480.228247,females present,,5,49.56586995,40.43413005,211.298253,0.25,2,ascending,VV,614621.6335,first year,5,19/05/2025 6:56,6:56:29,06:56:29 UTC,19/05/2025,19/05/2025 6:56,13.486658096313477,272.21063232421875,87.71570018843705,0,270.3160400390625,86.92677668618013,87.71570018843705
248,Brownson,BSON,10,2025-07-01-14-38-11_UMBRA-08_MM.tif,1/07/2025,7,1,2025,182,-74.1414,-103.6357,4055,NA,females present,Y,5,49.90155307,40.09844693,133.1560679,0.25,2,descending,VV,623788.4699,first year,5,1/07/2025 14:38,14:38:11,14:38:11 UTC,1/07/2025,1/07/2025 14:38,4.571382046,265.2886047363281,100.1485317074518,0,264.3386535644531,92.84294320052945,100.1485317074518
249,Brownson,BSON,10,2025-07-20-05-22-25_UMBRA-05_MM.tif,20/07/2025,7,20,2025,201,-74.1414,-103.6357,4055,777.741685,male huddle,,5,51.07426612,38.92573388,102.6781963,0.25,2,ascending,VV,591269.8627,first year,5,20/07/2025 5:22,5:22:25,05:22:25 UTC,20/07/2025,20/07/2025 5:22,4.980976104736328,252.42417907714844,80.54885468,0,247.76736450195312,65.97987544148182,80.54885468
250,Brownson,BSON,10,2025-08-20-06-58-33_UMBRA-10_MM.tif,20/08/2025,8,20,2025,232,-74.1414,-103.6357,4055,NA,female return,Y,2,57.07234143,32.92765857,104.4140626,0.25,2,ascending,HH,673009.6,first year,2,20/08/2025 6:58,6:58:33,06:58:33 UTC,20/08/2025,20/08/2025 6:58,11.43254280090332,268.91009521484375,92.20418644159705,0,267.3044434,88.51612508565573,92.20418644159705
236,Rothschild,ROTS,10,2025-04-25-14-45-49_UMBRA-09_MM.tif,25/04/2025,4,25,2025,115,-69.51816,-72.29119,659,NA,NA,,1,51.11455014,38.88544986,316.8255984,0.25,2,descending,VV,725581.1795,rough,1,25/04/2025 14:45,14:45:49,14:45:49 UTC,25/04/2025,25/04/2025 14:45,4.730746746063232,273.0381774902344,76.38357504266669,3.6977777777777776,269.38238525390625,76.30149321,76.38357504266669
237,Rothschild,ROTS,10,2025-05-25-13-12-36_UMBRA-08_MM.tif,25/05/2025,5,25,2025,145,-69.51816,-72.29119,659,NA,NA,,1,48.82262739,41.17737261,116.2870674,0.25,2,descending,VV,639738.9506,rough,1,25/05/2025 13:12,13:12:36,13:12:36 UTC,25/05/2025,25/05/2025 13:12,1.0689548254013062,270.2668457,94.16904718145048,0,269.0950927734375,91.59199204774156,94.16904718145048
238,Rothschild,ROTS,10,2025-06-30-03-56-48_UMBRA-05_MM.tif,30/06/2025,6,30,2025,181,-69.51816,-72.29119,659,NA,NA,,1,56.2239166,33.7760834,206.2577891,0.25,2,ascending,HH,561670.6458,rough,1,30/06/2025 3:56,3:56:48,03:56:48 UTC,30/06/2025,30/06/2025 3:56,3.2255923748016357,268.7851563,96.55895067920889,0,267.76959228515625,92.58514055,96.55895067920889
239,Rothschild,ROTS,10,2025-07-15-13-19-57_UMBRA-08_MM.tif,15/07/2025,7,15,2025,196,-69.51816,-72.29119,659,NA,NA,,1,49.54040962,40.45959038,105.2317156,0.25,2,descending,VV,622051.0446,rough,1,15/07/2025 13:19,13:19:57,13:19:57 UTC,15/07/2025,15/07/2025 13:19,1.0089374780654907,266.3057861328125,100.04278396139647,0,265.4599914550781,93.65940566911486,100.04278396139647
240,Rothschild,ROTS,10,2025-07-25-05-56-10_UMBRA-10_MM.tif,25/07/2025,7,25,2025,206,-69.51816,-72.29119,659,NA,NA,,1,48.4441997,41.5558003,232.0044396,0.25,2,ascending,VV,747174.6296,rough,1,25/07/2025 5:56,5:56:10,05:56:10 UTC,25/07/2025,25/07/2025 5:56,0.7826666831970215,257.2901611328125,97.87432046682072,0,255.22381591796875,84.00265085109343,97.87432046682072
241,Rothschild,ROTS,10,2025-08-09-03-03-59_UMBRA-05_MM.tif,9/08/2025,8,9,2025,221,-69.51816,-72.29119,659,NA,NA,,1,51.32263437,38.67736563,43.91109965,0.25,2,ascending,VV,574594.4432,rough,1,9/08/2025 3:03,3:03:59,03:03:59 UTC,9/08/2025,9/08/2025 3:03,3.2180328369140625,261.5637512207031,97.04237544853623,0,259.8158874511719,86.78850048632415,97.04237544853623
232,Smyley,SMYL,10,2025-04-26-14-43-00_UMBRA-08_MM.tif,26/04/2025,4,26,2025,116,-72.302,-78.82,4073,NA,NA,,1,51.85409241,38.14590759,324.0786308,0.25,2,descending,HH,622526.8819,iceberg,1,26/04/2025 14:43,14:43:00,14:43:00 UTC,26/04/2025,26/04/2025 14:43,9.056800842285156,271.7591857910156,88.11105835828728,0,269.87384033203125,86.94008194480601,88.11105835828728
233,Smyley,SMYL,10,2025-05-24-13-15-24_UMBRA-09_MM.tif,24/05/2025,5,24,2025,144,-72.302,-78.82,4073,850.270273,females present,,2,48.3096426,41.6903574,132.5184324,0.25,2,descending,VV,751311.0514,iceberg,2,24/05/2025 13:15,13:15:24,13:15:24 UTC,24/05/2025,24/05/2025 13:15,4.406078815460205,265.5305176,80.88174780376356,0,261.91217041015625,75.15680962044041,80.88174780376356
234,Smyley,SMYL,10,2025-07-04-13-44-28_UMBRA-09_MM.tif,4/07/2025,7,4,2025,185,-72.302,-78.82,4073,362.780777,male huddle,,2,56.93646002,33.06353998,91.38997081,0.25,2,descending,HH,677690.9013,iceberg,2,4/07/2025 13:44,13:44:28,13:44:28 UTC,4/07/2025,4/07/2025 13:44,8.809404373168945,271.10125732421875,97.56797945341214,0,270.50408935546875,95.66354054726123,97.56797945341214
235,Smyley,SMYL,10,2025-08-30-03-50-50_UMBRA-05_MM.tif,30/08/2025,8,30,2025,242,-72.302,-78.82,4073,NA,NA,Y,1,56.66781684,33.33218316,32.92152713,0.25,2,ascending,HH,528332.053,iceberg,1,30/08/2025 3:50,3:50:50,03:50:50 UTC,30/08/2025,30/08/2025 3:50,7.2412943840026855,264.9896545410156,94.59835413360928,0,263.28363037109375,87.44508793503084,94.59835413360928
271,Cruzen,CRZI,11,2025-07-05-09-00-41_UMBRA-10_MM.tif,5/07/2025,7,5,2025,186,-74.724,-140.357,100,48.54005,male huddle,,4,48.61427945,41.38572055,80.27318364,0.25,2,ascending,VV,748165.3638,first year,4,5/07/2025 9:00,9:00:41,09:00:41 UTC,5/07/2025,5/07/2025 9:00,9.441768646240234,249.9401092529297,92.49042023924589,0,246.6227264404297,73.98683492217147,92.49042023924589
272,Cruzen,CRZI,11,2025-07-18-15-53-19_UMBRA-05_MM.tif,18/07/2025,7,18,2025,199,-74.724,-140.357,100,44.70426,male huddle,,4,49.94484513,40.05515487,115.53346,0.25,2,descending,VV,600079.1567,first year,4,18/07/2025 15:53,15:53:19,15:53:19 UTC,18/07/2025,18/07/2025 15:53,18.744352340698242,251.90489196777344,94.36979909690655,0,248.956543,76.91827162046795,94.36979909690655
273,Cruzen,CRZI,11,2025-08-20-07-51-03_UMBRA-05_MM.tif,20/08/2025,8,20,2025,232,-74.724,-140.357,100,128.2877,female return,,4,50.00725773,39.99274227,91.89056539,0.25,2,ascending,VV,579125.0543,first year,4,20/08/2025 7:51,7:51:03,07:51:03 UTC,20/08/2025,20/08/2025 7:51,4.277083396911621,249.76058959960938,98.75543025903897,0,247.14181518554688,78.86358767721595,98.75543025903897
255,Gates,CPGT,11,2025-06-28-17-45-48_UMBRA-08_MM.tif,28/06/2025,6,28,2025,179,-73.675724,-122.768442,200,NA,male huddle,Y,4,49.72348161,40.27651839,306.9767377,0.25,2,descending,VV,624204.0325,first year,4,28/06/2025 17:45,17:45:48,17:45:48 UTC,28/06/2025,28/06/2025 17:45,5.166750431060791,255.34957885742188,81.76127481675967,0,251.052002,68.87687846100147,81.76127481675967
256,Gates,CPGT,11,2025-07-15-09-51-22_UMBRA-10_MM.tif,15/07/2025,7,15,2025,196,-73.675724,-122.768442,200,659.726096,male huddle,,4,50.27710983,39.72289017,202.9406314,0.25,2,ascending,VV,732106.359,first year,4,15/07/2025 9:51,9:51:22,09:51:22 UTC,15/07/2025,15/07/2025 9:51,2.2892489433288574,259.5881348,82.91686615364361,0,255.7695313,72.75688443988098,82.91686615364361
257,Gates,CPGT,11,2025-07-24-16-12-44_UMBRA-08_MM.tif,24/07/2025,7,24,2025,205,-73.675724,-122.768442,200,860.841834,male huddle,,4,51.13143916,38.86856084,100.0366924,0.25,2,descending,VV,608290.3922,first year,4,24/07/2025 16:12,16:12:44,16:12:44 UTC,24/07/2025,24/07/2025 16:12,8.406550407409668,255.0679168701172,91.31344557072099,0,252.00320434570312,76.71609019227708,91.31344557072099
258,Gates,CPGT,11,2025-08-21-07-58-38_UMBRA-08_MM.tif,21/08/2025,8,21,2025,233,-73.675724,-122.768442,200,649.742869,male huddle,,4,56.33615085,33.66384915,104.5234636,0.25,2,ascending,HH,562466.4323,first year,4,21/08/2025 7:58,7:58:38,07:58:38 UTC,21/08/2025,21/08/2025 7:58,18.258142471313477,266.7507019042969,95.31242267,0,265.33294677734375,89.61461494022217,95.31242267
251,Ledda,LEDD,11,2025-04-24-08-34-37_UMBRA-10_MM.tif,24/04/2025,4,24,2025,114,-74.42,-130.96,652,508.932918,females present,,3,51.98461142,38.01538858,107.1109906,0.25,2,ascending,VV,721559.2546,first year,3,24/04/2025 8:34,8:34:37,08:34:37 UTC,24/04/2025,24/04/2025 8:34,6.967240810394287,260.2320556640625,76.05733735997231,0,255.4445037841797,67.15321881078309,76.05733735997231
252,Ledda,LEDD,11,2025-05-23-08-38-24_UMBRA-10_MM.tif,23/05/2025,5,23,2025,143,-74.42,-130.96,652,226.758878,females present,,3,53.39471002,36.60528998,106.2469337,0.25,2,ascending,VV,707051.7399,first year,3,23/05/2025 8:38,8:38:24,08:38:24 UTC,23/05/2025,23/05/2025 8:38,17.57959557,266.28668212890625,92.84061258910377,0,264.4816895,86.90076474921173,92.84061258910377
253,Ledda,LEDD,11,2025-06-30-18-16-31_UMBRA-08_MM.tif,30/06/2025,6,30,2025,181,-74.42,-130.96,652,267.291911,male huddle,,3,49.68357472,40.31642528,305.5574008,0.25,2,descending,VV,624414.7386,first year,3,30/06/2025 18:16,18:16:31,18:16:31 UTC,30/06/2025,30/06/2025 18:16,9.471135139465332,258.98553466796875,94.71718347819954,0,256.6913757324219,82.63029041598153,94.71718347819954
254,Ledda,LEDD,11,2025-07-21-17-03-17_UMBRA-05_MM.tif,21/07/2025,7,21,2025,202,-74.42,-130.96,652,115.945233,male huddle,,4,50.2260207,39.7739793,313.0597113,0.25,2,descending,VV,595463.8985,first year,4,21/07/2025 17:03,17:03:17,17:03:17 UTC,21/07/2025,21/07/2025 17:03,5.219811916351318,240.61309814453125,77.50919518,0,234.98410034179688,56.79345809885951,77.50919518
274,Rupert,RUPE,11,2025-06-17-11-06-20_UMBRA-08_MM.tif,17/06/2025,6,17,2025,168,-75.3713,-143.0187,1503,487.2774,females present,,5,49.87947687,40.12052313,204.947643,0.25,2,ascending,VV,627318.2512,first year,5,17/06/2025 11:06,11:06:20,11:06:20 UTC,17/06/2025,17/06/2025 11:06,5.959341049194336,258.6115723,87.15324188619567,0,255.29995727539062,75.75830070048717,87.15324188619567
275,Rupert,RUPE,11,2025-06-30-09-21-30_UMBRA-10_MM.tif,30/06/2025,6,30,2025,181,-75.3713,-143.0187,1503,251.9091,male huddle,,5,50.21205181,39.78794819,94.59640427,0.25,2,ascending,VV,733979.0342,first year,5,30/06/2025 9:21,9:21:30,09:21:30 UTC,30/06/2025,30/06/2025 9:21,17.703414916992188,261.26580810546875,89.68657768,0,258.52960205078125,79.97986108486225,89.68657768
276,Rupert,RUPE,11,2025-07-18-08-12-28_UMBRA-05_MM.tif,18/07/2025,7,18,2025,199,-75.3713,-143.0187,1503,293.0031,male huddle,,5,54.09018817,35.90981183,104.3070207,0.25,2,ascending,VV,571212.6491,first year,5,18/07/2025 8:12,8:12:28,08:12:28 UTC,18/07/2025,18/07/2025 8:12,5.5976481437683105,256.1142578,95.63457486214284,0,253.6700897216797,81.15775506271407,95.63457486214284
277,Rupert,RUPE,11,2025-08-21-16-21-00_UMBRA-05_MM.tif,21/08/2025,8,21,2025,233,-75.3713,-143.0187,1503,NA,female return,Y,5,56.62453917,33.37546083,95.64180597,0.25,2,descending,HH,535646.4196,first year,5,21/08/2025 16:21,16:21:00,16:21:00 UTC,21/08/2025,21/08/2025 16:21,5.433159351348877,261.9097900390625,96.33394024203777,0,260.10760498046875,86.44287602644256,96.33394024203777
259,Thurston,THUR,11,2025-04-24-18-01-15_UMBRA-10_MM.tif,24/04/2025,4,24,2025,114,-73.498,-125.62,3459,1424.81394,females present,,4,52.4731729,37.5268271,325.5308601,0.25,2,descending,HH,715886.0084,first year,4,24/04/2025 18:01,18:01:15,18:01:15 UTC,24/04/2025,24/04/2025 18:01,3.1560721397399902,257.9388122558594,100.1769734931466,4.96,256.2093200683594,86.51716546956631,100.1769734931466
260,Thurston,THUR,11,2025-05-24-16-26-22_UMBRA-10_MM.tif,24/05/2025,5,24,2025,144,-73.498,-125.62,3459,971.1754,females present,,5,51.61480563,38.38519437,98.50056144,0.25,2,descending,VV,720918.6282,first year,5,24/05/2025 16:26,16:26:22,16:26:22 UTC,24/05/2025,24/05/2025 16:26,10.976635932922363,262.99920654296875,103.15392950884282,0,262.16156005859375,93.54029131494191,103.15392950884282
261,Thurston,THUR,11,2025-06-27-07-59-45_UMBRA-09_MM.tif,27/06/2025,6,27,2025,178,-73.498,-125.62,3459,788.532386,male huddle,,5,49.28333673,40.71666327,89.24409898,0.25,2,ascending,VV,741521.5989,first year,5,27/06/2025 7:59,7:59:45,07:59:45 UTC,27/06/2025,27/06/2025 7:59,2.0141968727111816,251.31399536132812,76.13807316551001,0,245.98077392578125,61.708884883106336,76.13807316551001
262,Thurston,THUR,11,2025-07-22-08-04-07_UMBRA-08_MM.tif,22/07/2025,7,22,2025,203,-73.498,-125.62,3459,501.8487,male huddle,,5,54.77756959,35.22243041,105.7836231,0.25,2,ascending,VV,584305.6416,first year,5,22/07/2025 8:04,8:04:07,08:04:07 UTC,22/07/2025,22/07/2025 8:04,4.396818161010742,245.15989685058594,68.9586363,0,238.53317260742188,52.72135169283141,68.9586363
263,Thurston,THUR,11,2025-08-21-16-20-13_UMBRA-10_MM.tif,21/08/2025,8,21,2025,233,-73.498,-125.62,3459,915.807394,female return,,2,49.69340254,40.30659746,116.6037403,0.25,2,descending,VV,732006.1764,first year,2,21/08/2025 16:20,16:20:13,16:20:13 UTC,21/08/2025,21/08/2025 16:20,6.536241054534912,264.4195556640625,105.91577117988405,0,264.08026123046875,97.36973175150672,105.91577117988405
264,Verlerger,VLPT,11,2025-04-25-09-11-09_UMBRA-05_MM.tif,25/04/2025,4,25,2025,115,-74.723,-135.9185,500,NA,NA,,1,49.94951114,40.05048886,205.1692705,0.25,2,ascending,VV,624745.7217,first year,1,25/04/2025 9:11,9:11:09,09:11:09 UTC,25/04/2025,25/04/2025 9:11,6.473482608795166,264.7991943359375,78.48957657525857,0,260.7451477050781,72.42122554719165,78.48957657525857
265,Verlerger,VLPT,11,2025-05-24-18-24-36_UMBRA-08_MM.tif,24/05/2025,5,24,2025,144,-74.723,-135.9185,500,NA,NA,,1,51.45413729,38.54586271,323.1130373,0.25,2,descending,VV,618766.4264,first year,1,24/05/2025 18:24,18:24:36,18:24:36 UTC,24/05/2025,24/05/2025 18:24,18.77103614807129,265.1525879,85.75608277410994,0,262.23016357421875,79.39614152008316,85.75608277410994
266,Verlerger,VLPT,11,2025-06-18-17-21-50_UMBRA-05_MM.tif,18/06/2025,6,18,2025,169,-74.723,-135.9185,500,NA,NA,,1,49.62498231,40.37501769,307.2976836,0.25,2,descending,VV,605178.0938,first year,1,18/06/2025 17:21,17:21:50,17:21:50 UTC,18/06/2025,18/06/2025 17:21,9.917884826660156,255.5095977783203,76.60768342941383,0,250.48880004882812,64.63463720067809,76.60768342941383
267,Verlerger,VLPT,11,2025-06-30-18-47-57_UMBRA-10_MM.tif,30/06/2025,6,30,2025,181,-74.723,-135.9185,500,NA,NA,,1,50.79490793,39.20509207,316.2381803,0.25,2,descending,VV,727244.3781,first year,1,30/06/2025 18:47,18:47:57,18:47:57 UTC,30/06/2025,30/06/2025 18:47,9.509026527404785,258.4387207,96.9562875,0,256.37030029296875,84.13950715268567,96.9562875
268,Verlerger,VLPT,11,2025-07-18-17-25-50_UMBRA-05_MM.tif,18/07/2025,7,18,2025,199,-74.723,-135.9185,500,NA,NA,,1,49.41512252,40.58487748,302.9525447,0.25,2,descending,VV,603193.2195,first year,1,18/07/2025 17:25,17:25:50,17:25:50 UTC,18/07/2025,18/07/2025 17:25,11.457030296325684,252.8798828,97.97408108112631,0,250.42962646484375,80.60397241446807,97.97408108112631
269,Verlerger,VLPT,11,2025-08-08-18-37-16_UMBRA-08_MM.tif,8/08/2025,8,8,2025,220,-74.723,-135.9185,500,NA,NA,,1,49.7373048,40.2626952,306.4764902,0.25,2,descending,VV,613067.9688,first year,1,8/08/2025 18:37,18:37:16,18:37:16 UTC,8/08/2025,8/08/2025 18:37,6.823273181915283,252.82949829101562,61.77812169279435,0,245.3184356689453,50.80080227511973,61.77812169279435
270,Verlerger,VLPT,11,2025-08-22-17-10-58_UMBRA-05_MM.tif,22/08/2025,8,22,2025,234,-74.723,-135.9185,500,43.75224,female return,,2,56.73720429,33.26279571,327.3543753,0.25,2,descending,HH,533664.7919,first year,2,22/08/2025 17:10,17:10:58,17:10:58 UTC,22/08/2025,22/08/2025 17:10,6.606318950653076,256.8983154296875,96.47766141707876,0,254.62716674804688,82.49251367644513,96.47766141707876
